Datum;Fachbedeutung;RAS-Verm;Bezeichnung;Symbolart ;Landescode
1.1.2012;0039.0000;1.4.2;Nordpfeil;Punkt;
1.1.2012;0114.0000;2.7.4.5;Abteilungsstein, Jagenstein ;Punkt;
1.1.2012;0118.0000;;Grenzpunkt, -markierung, örtlich vorgefunden;Punkt;
1.1.2012;0126.0000;2.1.3;Beobachtungspfeiler;Punkt;
1.1.2012;0126.0000;2.1.3;Beobachtungspfeiler (Schriftzusatz: Punktnummer);Text;
1.1.2012;0141.0000;2.1.6.1;Pfeilerbolzen;Punkt;
1.1.2012;0141.0000;2.1.6.1;Pfeilerbolzen (Schriftzusatz: Punktnummer);Text;
1.1.2012;0142.0000;2.1.6.2;Mauerbolzen;Punkt;
1.1.2012;0142.0000;2.1.6.2;Mauerbolzen (evtl. Schriftzusatz: Punktnummer);Text;
1.1.2012;0144.0000;2.1.6.3;Hoehenmarke;Punkt;
1.1.2012;0144.0000;2.1.6.3;Hoehenmarke (Schriftzusatz: NN-Hoehe);Text;
1.1.2012;0147.0000;2.1.6.4;Hoehenfestpunkt, gleichzeitig Lagefestpunkt (HP = PP);Punkt;
1.1.2012;0147.0000;2.1.6.4;Hoehenfestpunkt, gleichzeitig Lagefestpunkt (HP = PP) (Schriftzusatz: HP-Punktnr. = LP-Punktnr.);Text;
1.1.2012;0161.0000;2.1.1;Trigonometrischer Punkt: Hochpunkt;Punkt;
1.1.2012;0162.0000;2.1.1;Trigonometrischer Punkt: Bodenpunkt;Punkt;
1.1.2012;0164.0000;2.1.1;Trigonometrischer Punkt: Exzentrum;Punkt;
1.1.2012;0241.0000;2.2.7.34;Grenzlinie: Nutzungsart, Nutzungsartengrenze, örtlich aufgemessen;Linie;
1.1.2012;0250.0000;;Begrenzungslinie Befestigung (Befestigungswechsel);Linie;
1.1.2012;0251.0000;2.2.6;Begrenzungslinie, topographische ~, sonstige ~;Linie;
1.1.2012;0252.0000;2.2.6.1;Begrenzungslinie, topographische ~, ueberdeckt;Linie;
1.1.2012;0265.0000;2.6.1.11;Grenzlinie: Bauamt, Verkehrsamt;Linie;
1.1.2012;0266.0000;2.6.1.12;Grenzlinie: Straßenmeisterei, Autobahnmeisterei (Meistereigrenze);Linie;
1.1.2012;0279.0000;2.7.5.7;Grenzlinie: Laermschutzbereich;Linie;
1.1.2012;0279.0000;2.7.5.7;Grenzlinie: Laermschutzbereich (Schriftzusatz: LaermSB);Text;
1.1.2012;0353.7002;;Wild-, Kleintier-, Amphibienschutzzaun;Linie;
1.1.2012;0353.7002;;Wild-, Kleintier-, Amphibienschutzzaun (Schriftzusatz: Wildschutzzaun);Text;
1.1.2012;0356.0000;2.7.4.9;Hecktor;Punkt;
1.1.2012;0411.0000;2.2.3.1;Hoehenlinie - 20 Meter;Linie;
1.1.2012;0411.0000;2.2.3.1;Hoehenlinie - 20 Meter (Schriftzusatz: NN-Hoehe);Text;
1.1.2012;0412.0000;2.2.3.2;Hoehenlinie - 10 Meter;Linie;
1.1.2012;0412.0000;2.2.3.2;Hoehenlinie - 10 Meter (Schriftzusatz: NN-Hoehe);Text;
1.1.2012;0413.0000;2.2.3.3;Hoehenlinie - 5 Meter;Linie;
1.1.2012;0413.0000;2.2.3.3;Hoehenlinie - 5 Meter (Schriftzusatz: NN-Hoehe);Text;
1.1.2012;0414.0000;2.2.3.4;Hoehenlinie - 2,5 Meter;Linie;
1.1.2012;0414.0000;2.2.3.4;Hoehenlinie - 2,5 Meter (Schriftzusatz: NN-Hoehe);Text;
1.1.2012;0415.0000;2.2.3.5;Hoehenlinie - 1 Meter;Linie;
1.1.2012;0415.0000;2.2.3.5;Hoehenlinie - 1 Meter (Schriftzusatz: NN-Hoehe);Text;
1.1.2012;0416.0000;2.2.3.6;Hoehenlinie - 0,5/0.25 Meter;Linie;
1.1.2012;0416.0000;2.2.3.6;Hoehenlinie - 0,5/0.25 Meter (Schriftzusatz: NN-Hoehe);Text;
1.1.2012;0427.0000;2.2.3.7;Hoehenlinie - unsicher;Linie;
1.1.2012;0431.0000;;Gelaendelinie mit Hoehe, Bruchkante;Linie;
1.1.2012;0431.0000;2.2.2.1;Gelaendepunkt mit Hoehe, Hoehen-, Rasterpunkt für DGM;Punkt;
1.1.2012;0431.0000;2.2.2.1;Gelaendepunkt mit Hoehe, Hoehen-, Rasterpunkt für DGM (Schriftzusatz: NN-Hoehe);Text;
18.1.2012;0432.0000;;Konturlinie in Fahrbahn, Ober- und -unterkante von Stuetzmauern, Borden usw., Objektlinie (nicht im Gelaendeniveau) mit NHN-Hoehen fuer DOM;Linie;
1.1.2012;0433.0000;;Gelaendepunkt ohne Hoehe;Punkt;
1.1.2012;0435.0000;2.2.2.2;Hoehenpunkt von Objekten ueber Gelaende;Punkt;
1.1.2012;0435.0000;2.2.2.2;Hoehenpunkt von Objekten ueber Gelaende (Schriftzusatz: Hoehe);Text;
1.1.2012;0473.7001;;Stuetzmauer (als Begrenzung Straße / Wege) (Begleitsignatur in Aufnahmerichtung: rechts);Linie;
1.1.2012;0473.7002;;Stuetzmauer (an Gewaesser) (Begleitsignatur in Aufnahmerichtung: rechts);Linie;
1.1.2012;0473.7003;2.6.4.4;Stuetzmauer, Futtermauer, sonstige (Begleitsignatur in Aufnahmerichtung: rechts);Linie;
1.1.2012;0474.0000;2.3.9.2;Spundwand;Linie;
1.1.2012;0481.0000;;Boeschungsober- und Unterkante, deutlich;Linie;
1.1.2012;0482.0000;;Boeschungsober- und Unterkante, undeutlich;Linie;
1.1.2012;0483.0000;2.2.1.7;Boeschungsrichtung, erfasst, angedeutet;Linie;
1.1.2012;0486.0000;2.2.1.6;Boeschungsschraffen;Linie;
1.1.2012;0492.0000;2.2.1.5;Beschriftung: Boeschungshoehe;Text;
1.1.2012;0719.0000;1.4.1;Gitterkreuz;Punkt;
1.1.2012;0733.0000;3.2.10;Beschriftung: Richtungshinweis im Kartenrahmen;Text;
1.1.2012;1019.0000;2.4.4.8;Gebaeudeverbindungsgang (< 3 mm Kartenbreite) ;Linie;
1.1.2012;1019.0000;2.4.4.8;Gebaeudeverbindungsgang (< 3 mm Kartenbreite) (Schriftzusatz: GVG);Text;
1.1.2012;1033.0000;2.4.2.2;Beschriftung: Anzahl der Vollgeschosse;Text;
1.1.2012;1041.0000;2.4.4.2;Begrenzungslinie Durchfahrt im Gebaeude;Linie;
1.1.2012;1044.0000;2.4.5.3;Begrenzungslinie Freitreppe, Stufen;Linie;
1.1.2012;1045.0000;2.4.4.1;Begrenzungslinie Ueberdachung, offene Halle;Linie;
1.1.2012;1049.0000;2.4.4.9;Begrenzungslinie Rampe;Linie;
1.1.2012;1055.0000;2.3.11.5;Symbol: Hoehe Unterkante (z.B. eines Bauwerks);Punkt;
1.1.2012;1055.0000;2.3.11.5;Symbol: Hoehe Unterkante (z.B. eines Bauwerks) (Schriftzusatz: NN-Hoehe);Text;
1.1.2012;1056.0000;2.4.2.5;Gebaeude(eck)punkt mit Hoehe, Hoehenpunkt an Gebaeude;Punkt;
1.1.2012;1056.0000;2.4.2.5;Gebaeude(eck)punkt mit Hoehe, Hoehenpunkt an Gebaeude (Schriftzusatz: NN-Hoehe);Text;
1.1.2012;1056.0000;2.4.2.5;Gebaeude(eck)punktlinie mit Hoehe, Gebaeudebegrenzungslinien mit Höhen;Linie;
1.1.2012;1061.0000;2.4.3.1;[Gebaeude] Wohngebaeude, oeffentliche Gebaeude, allgemein (Schraffur 50 gon) ;Flaeche;
1.1.2012;1063.0000;2.4.3.2;[Gebaeude] Wirtschafts-, Industrie- und sonstige Gebaeude, allgemein (Schraffur parallel);Flaeche;
1.1.2012;1071.0000;2.4.2.3;Beschriftung: Kennzeichnung der Dachform;Text;
1.1.2012;1072.0000;2.4.2.4;Firstlinie;Linie;
1.1.2012;1208.0000;2.4.5.1;Zufahrt, Einfahrt;Punkt;
1.1.2012;1209.0000;2.4.5.2;Zugang, Eingang;Punkt;
1.1.2012;1475.0000;;Symbol: Kiosk und WC;Punkt;
1.1.2012;1731.0000;;Symbol: Tankstelle;Punkt;
1.1.2012;1732.0000;;Symbol: Tank- und Rastanlage;Punkt;
1.1.2012;2369.0000;;Symbol: Parken und WC;Punkt;
1.1.2012;2371.0000;2.7.4.6;Brueckenwaage;Punkt;
1.1.2012;2372.0000;2.7.4.8;Parkscheinautomat ;Punkt;
1.1.2012;2513.0000;2.5.5.8;Pumpe;Punkt;
1.1.2012;3191.0000;2.5.9.2;Erdoelpumpe, Oelfoerderanlage;Punkt;
1.1.2012;3195.0000;2.5.9.4;Erdgasfoerderstelle;Punkt;
1.1.2012;3196.0000;2.7.3.8;Bergbauschacht;Punkt;
1.1.2012;3198.0000;2.7.3.9;Stollenmundloch;Punkt;
1.1.2012;3401.7001;2.5.2.13;Transportrichtungspfeil (Wasserversorgung);Punkt;
1.1.2012;3401.7002;2.5.2.13;Transportrichtungspfeil (Wasserentsorgung);Punkt;
1.1.2012;3401.7003;2.5.2.13;Transportrichtungspfeil (sonst. Versorgung);Punkt;
1.1.2012;3402.0000;2.5.1;Leitung, unterirdisch, sonstige ;Linie;
1.1.2012;3402.0000;2.5.1;Leitung, unterirdisch, sonstige (Schriftzusatz: Art der Leitung);Text;
1.1.2012;3403.0000;2.5.2;Leitung, oberirdisch, sonstige;Linie;
1.1.2012;3403.0000;2.5.2;Leitung, oberirdisch, sonstige (Schriftzusatz: Art der Leitung);Text;
1.1.2012;3411.0000;2.5.5.1;Brunnen, Brunnenstube;Punkt;
1.1.2012;3421.0000;2.5.2.1;Leitung, oberirdisch, Wasser;Linie;
1.1.2012;3421.0000;2.5.2.1;Leitung, oberirdisch, Wasser  (Schriftzusatz: W);Text;
1.1.2012;3423.0000;2.5.1.1;Leitung, unterirdisch, Wasser;Linie;
1.1.2012;3423.0000;2.5.1.1;Leitung, unterirdisch, Wasser (Schriftzusatz: W);Text;
1.1.2012;3424.0000;2.5.1.2;Leitung, unterirdisch, Fernwasser;Linie;
1.1.2012;3424.0000;2.5.1.2;Leitung, unterirdisch, Fernwasser  (Schriftzusatz: FW);Text;
1.1.2012;3426.0000;2.5.3.3;Merkstein, -zeichen fuer Wasserversorgung;Punkt;
1.1.2012;3427.0000;2.5.5.3;Oberflurhydrant;Punkt;
1.1.2012;3428.0000;2.5.5.4;Unterflurhydrant;Punkt;
1.1.2012;3429.0000;2.5.3.1;Schieberkappe Wasserleitung, Wasserschieber;Punkt;
1.1.2012;3432.0000;2.5.2.5;Leitung, oberirdisch, Erdgas-, Heizgas;Linie;
1.1.2012;3432.0000;2.5.2.5;Leitung, oberirdisch, Erdgas-, Heizgas (Schriftzusatz: G);Text;
1.1.2012;3433.0000;2.5.1.5;Leitung, unterirdisch, Erdgas-, Heizgas;Linie;
1.1.2012;3433.0000;2.5.1.5;Leitung, unterirdisch, Erdgas-, Heizgas  (Schriftzusatz: G);Text;
1.1.2012;3434.0000;2.5.3.6;Merkstein, -zeichen fuer Gasleitung;Punkt;
1.1.2012;3435.0000;2.5.3.2;Schieberkappe Gasleitung, Gasschieber;Punkt;
1.1.2012;3441.0000;2.5.2.3;Leitung, oberirdisch, Elektrizitaet;Linie;
1.1.2012;3441.0000;2.5.2.3;Leitung, oberirdisch, Elektrizitaet (Schriftzusatz: E);Text;
1.1.2012;3442.0000;2.5.1.3;Leitung, unterirdisch, Elektrizitaet;Linie;
1.1.2012;3442.0000;2.5.1.3;Leitung, unterirdisch, Elektrizitaet  (Schriftzusatz: E);Text;
1.1.2012;3443.0000;2.5.3.4;Merkstein, -zeichen fuer Elektrizitaetsversorgung;Punkt;
1.1.2012;3443.7001;;Merkstein, -zeichen fuer Kabel, Kabelstein;Punkt;
1.1.2012;3443.7002;;Merkstein, -zeichen fuer Energiekabelmuffe;Punkt;
1.1.2012;3444.0000;2.5.2.4;Leitung, oberirdisch, Hochspannung;Linie;
1.1.2012;3444.0000;2.5.2.4;Leitung, oberirdisch, Hochspannung (Schriftzusatz: xx kV);Text;
1.1.2012;3444.7001;;Leitung: Kennzeichnung von Hochspannungs~, Blitzsymbol;Punkt;
1.1.2012;3445.7001;;Ummantelung (Elektizitaetsversorgung);Punkt;
1.1.2012;3445.7002;;Ummantelung (Fernmeldewesen);Punkt;
1.1.2012;3446.0000;2.5.1.4;Leitung, unterirdisch, Hochspannung;Linie;
1.1.2012;3446.0000;2.5.1.4;Leitung, unterirdisch, Hochspannung  (Schriftzusatz: xx kV);Text;
1.1.2012;3447.0000;;Symbol: Umformer, Transformator;Punkt;
1.1.2012;3448.0000;2.5.3.5;Merkstein, -zeichen fuer Hochspannungsleitung;Punkt;
1.1.2012;3449.0000;2.5.8.6;Kabelformsteine, Kabelkanal;Punkt;
1.1.2012;3451.7001;2.5.4.2;Stahlrohrmast (Elektizitaetsversorgung);Punkt;
1.1.2012;3451.7002;2.5.4.2;Stahlrohrmast (Fernmeldewesen);Punkt;
1.1.2012;3452.7001;2.5.4.3;Stahlbetonmast (Elektizitaetsversorgung);Punkt;
1.1.2012;3452.7002;2.5.4.3;Stahlbetonmast (Fernmeldewesen);Punkt;
1.1.2012;3453.7001;2.5.4.1;Stahlgittermast (Elektizitaetsversorgung);Punkt;
1.1.2012;3453.7002;2.5.4.1;Stahlgittermast (Fernmeldewesen);Punkt;
1.1.2012;3454.0000;2.5.4.6;Stahlgittermast, Hochspannungsmast (ohne Darstellung der Leitung zwischen den Masten);Punkt;
1.1.2012;3455.7001;2.5.4.5;Doppelmast (Elektizitaetsversorgung);Punkt;
1.1.2012;3455.7002;2.5.4.5;Doppelmast (Fernmeldewesen);Punkt;
1.1.2012;3456.7001;2.5.4.4;Holzmast (Elektizitaetsversorgung);Punkt;
1.1.2012;3456.7002;2.5.4.4;Holzmast (Fernmeldewesen);Punkt;
1.1.2012;3464.0000;2.5.2.6;Leitung, oberirdisch, Rohoel;Linie;
1.1.2012;3464.0000;2.5.2.6;Leitung, oberirdisch, Rohoel (Schriftzusatz: Oel);Text;
1.1.2012;3465.0000;2.5.1.6;Leitung, unterirdisch, Rohoel;Linie;
1.1.2012;3465.0000;2.5.1.6;Leitung, unterirdisch, Rohoel  (Schriftzusatz: Oel);Text;
1.1.2012;3466.0000;2.5.3.7;Merkstein, -zeichen fuer Rohoelleitung;Punkt;
1.1.2012;3471.0000;2.5.2.8;Leitung, oberirdisch, Heizungsanlage;Linie;
1.1.2012;3471.0000;2.5.2.8;Leitung, oberirdisch, Heizungsanlage (Schriftzusatz: H);Text;
1.1.2012;3472.0000;2.5.1.8;Leitung, unterirdisch, Heizungsanlage;Linie;
1.1.2012;3472.0000;2.5.1.8;Leitung, unterirdisch, Heizungsanlage  (Schriftzusatz: H);Text;
1.1.2012;3473.0000;2.5.3.9;Merkstein, -zeichen fuer Heizungsanlage;Punkt;
1.1.2012;3475.0000;2.5.2.9;Leitung, oberirdisch, Fernheizung;Linie;
1.1.2012;3475.0000;2.5.2.9;Leitung, oberirdisch, Fernheizung (Schriftzusatz: FH);Text;
1.1.2012;3476.0000;2.5.1.9;Leitung, unterirdisch, Fernheizung;Linie;
1.1.2012;3476.0000;2.5.1.9;Leitung, unterirdisch, Fernheizung  (Schriftzusatz: FH);Text;
1.1.2012;3477.0000;2.5.3.10;Merkstein, -zeichen fuer Fernheizleitung;Punkt;
1.1.2012;3481.0000;2.5.2.10;Leitung, oberirdisch, Fernmeldewesen;Linie;
1.1.2012;3481.0000;2.5.2.10;Leitung, oberirdisch, Fernmeldewesen (Schriftzusatz: F);Text;
1.1.2012;3482.0000;2.5.1.10;Leitung, unterirdisch, Fernmeldewesen;Linie;
1.1.2012;3482.0000;2.5.1.10;Leitung, unterirdisch, Fernmeldewesen  (Schriftzusatz:F);Text;
1.1.2012;3483.0000;2.5.3.11;Merkstein, -zeichen fuer Fernmeldewesen;Punkt;
1.1.2012;3483.7001;;Merkstein, -zeichen fuer Fernmeldekabelmuffe;Punkt;
1.1.2012;3485.0000;2.5.4.7;Funkmast, Funkstelle, Umsetzer;Punkt;
1.1.2012;3486.0000;2.5.8.3;Fernsprechhaeuschen;Punkt;
1.1.2012;3487.0000;2.5.9.1;Feuermelder;Punkt;
1.1.2012;3487.7001;;Feuchtigkeitssensor;Punkt;
1.1.2012;3487.7002;;Niederschlagsfuehler;Punkt;
1.1.2012;3488.0000;2.5.8.2;Polizeirufsaeule;Punkt;
1.1.2012;3489.0000;2.5.6.1;Kabelkasten, Schaltkasten;Punkt;
1.1.2012;3489.7002;;Induktionsschleife;Punkt;
1.1.2012;3489.7004;;Muffenschacht;Punkt;
1.1.2012;3492.0000;2.5.2.7;Leitung, oberirdisch, Produktenfernleitung;Linie;
1.1.2012;3492.0000;2.5.2.7;Leitung, oberirdisch, Produktenfernleitung (Schriftzusatz: P);Text;
1.1.2012;3493.0000;2.5.1.7;Leitung, unterirdisch, Produktenfernleitung;Linie;
1.1.2012;3493.0000;2.5.1.7;Leitung, unterirdisch, Produktenfernleitung  (Schriftzusatz: P);Text;
1.1.2012;3494.0000;2.5.3.8;Merkstein, -zeichen fuer Produktenfernleitung;Punkt;
1.1.2012;3495.0000;2.5.6.2;Windrad, Windmotor;Punkt;
1.1.2012;3495.7001;;Windanzeiger;Punkt;
1.1.2012;3498.0000;2.5.3.12;Schilderpfahl ;Punkt;
1.1.2012;3498.0000;2.5.3.12;Schilderpfahl (Schriftzusatz: Art der Leitung);Text;
1.1.2012;3498.7001;;Schilderpfahl Wasserversorgung;Punkt;
1.1.2012;3498.7002;;Schilderpfahl Gasversorgung;Punkt;
1.1.2012;3501.0000;2.5.2.11;Leitung, oberirdisch, Abwasser;Linie;
1.1.2012;3501.0000;2.5.2.11;Leitung, oberirdisch, Abwasser (Schriftzusatz: A);Text;
1.1.2012;3502.0000;2.5.1.11;Leitung, unterirdisch, Abwasser-, Schmutzwasser;Linie;
1.1.2012;3502.0000;2.5.1.11;Leitung, unterirdisch, Abwasser-, Schmutzwasser (Schriftzusatz: A) ;Text;
1.1.2012;3504.7001;;Einsteige-, Kontrollschacht, rund;Punkt;
1.1.2012;3504.7001;;Einsteige-, Kontrollschacht, rund, fuer Abwasserleitung (Schriftzusatz: A) ;Text;
1.1.2012;3504.7002;;Einsteige-, Kontrollschacht, rund, fuer andere Versorgung (Schriftzusatz: Art der Leitung) ;Text;
1.1.2012;3504.7011;;Einsteige-, Kontrollschacht, eckig;Punkt;
1.1.2012;3504.7011;;Einsteige-, Kontrollschacht, eckig (Schriftzusatz: Art der Leitung) ;Text;
1.1.2012;3505.0000;2.5.5.6;Straßensinkkasten, Gully (Einlauf mittig);Punkt;
1.1.2012;3506.0000;2.5.5.9;Schienensinkkasten;Punkt;
1.1.2012;3508.0000;2.5.5.7;Straßensinkkasten, Gully (Einlauf seitlich);Punkt;
1.1.2012;3509.0000;2.5.1.12;Leitung, unterirdisch, Sickerrohr~;Linie;
1.1.2012;3509.0000;2.5.1.12;Leitung, unterirdisch, Sickerrohr~  (Schriftzusatz: SR);Text;
1.1.2012;3512.0000;2.7.4.4;Muellboxenanlage;Punkt;
1.1.2012;3513.0000;2.7.4.3;Kehrichtgrube;Punkt;
1.1.2012;3521.0000;2.5.5.10;Schlammbecken, -fang;Punkt;
1.1.2012;3531.0000;2.5.5.11;Sickergrube, Klaergrube;Punkt;
1.1.2012;3591.0000;2.5.5.12;Benzin-, Oelabscheider;Punkt;
1.1.2012;3911.0000;2.7.3.4;Schornstein;Punkt;
1.1.2012;3921.0000;2.7.3.2;Drehkran;Punkt;
1.1.2012;3922.0000;2.7.3.1;Portalkran;Punkt;
1.1.2012;3923.0000;2.7.3.3;Laufkran;Punkt;
1.1.2012;4216.0000;2.5.5.2;Springbrunnen, Zierbrunnen;Punkt;
1.1.2012;4242.0000;2.3.2.9;Wildschutzzaun;Linie;
1.1.2012;5002.0000;;Netzknotenpunkt (Rahmen);Punkt;
1.1.2012;5002.0000;;Netzknotenpunkt (Rahmen), Beschriftung: Netzknotennummer;Text;
1.1.2012;5003.0000;3.2.11;Bauwerksbezeichnung (Schriftzusatz: Bauwerksnummer);Text;
1.1.2012;5003.0000;3.2.11;Bauwerksbezeichnung, Symbol/Rahmen;Punkt;
1.1.2012;5003.7001;;Gelaender;Linie;
1.1.2012;5003.7002;;Fluegelwand von Widerlager;Linie;
1.1.2012;5003.7003;;Fluegelwand von Widerlager, verdeckt;Linie;
1.1.2012;5003.7004;;Begrenzungslinie Bauwerk, Bruecke, Steg > 1 mm Kartenbreite;Linie;
1.1.2012;5003.7006;;Dehnfuge;Linie;
1.1.2012;5003.7007;;Trennfuge;Linie;
1.1.2012;5003.7008;;Uebergangskonstruktion;Linie;
1.1.2012;5004.0000;2.3.1.16;Achse, Achslinie, Straßenachse;Linie;
1.1.2012;5113.0000;2.3.1.2;Fahrbahnbegrenzung, Markierung, Rand-, Leitstreifen =< 0,5 m;Linie;
1.1.2012;5114.0000;2.3.1.3;Fahrbahnbegrenzung, Markierung, Rand-, Leitstreifen > 0,5 m;Linie;
1.1.2012;5115.0000;2.3.1.5;Fahrbahnbegrenzung, unterbrochen;Linie;
1.1.2012;5116.0000;2.3.1.6;Fahrbahnmarkierung, Leitlinie;Linie;
1.1.2012;5172.0000;2.5.4.9;Mastfundament (allgemein);Punkt;
1.1.2012;5172.7001;;Mastfundament (Elektizitaetsversorgung);Punkt;
1.1.2012;5172.7002;;Mastfundament (Fernmeldewesen);Punkt;
1.1.2012;5173.0000;2.3.1.18;Hochbord  (Ober, Unterkante);Linie;
1.1.2012;5174.0000;2.3.1.19;Tiefbord (Ober, Unterkante), Randeinfassung;Linie;
1.1.2012;5211.7001;;Begrenzungslinie Weg, unbefestigt;Linie;
1.1.2012;5211.7002;;Begrenzungslinie Weg, befestigt;Linie;
1.1.2012;5215.0000;2.3.1.21;Weg unter 1mm Kartenbreite;Linie;
1.1.2012;5271.0000;2.3.1.7;Richtungspfeil geradeaus;Punkt;
1.1.2012;5272.0000;2.3.1.8;Richtungspfeil geradeaus und links ab;Punkt;
1.1.2012;5273.0000;2.3.1.9;Richtungspfeil geradeaus und rechts ab;Punkt;
1.1.2012;5274.0000;2.3.1.10;Richtungspfeil nach links;Punkt;
1.1.2012;5275.0000;2.3.1.11;Richtungspfeil nach rechts;Punkt;
1.1.2012;5276.0000;2.3.1.12;Richtungspfeil links ab;Punkt;
1.1.2012;5277.0000;2.3.1.13;Richtungspfeil rechts ab;Punkt;
1.1.2012;5278.0000;2.3.1.14;Richtungspfeil links und rechts ab;Punkt;
1.1.2012;5279.7001;2.3.1.15;Richtungspfeil Vorankündigung nach rechts;Punkt;
1.1.2012;5279.7002;;Richtungspfeil Vorankündigung nach links ;Punkt;
1.1.2012;5281.0000;2.3.3.1;Hinweistafel, -zeichen, Ortsschild, freistehend;Punkt;
1.1.2012;5282.0000;2.3.3.2;Wegweiser von besonderer Bedeutung;Punkt;
1.1.2012;5282.7001;;Wechselverkehrszeichen, freistehend;Punkt;
1.1.2012;5282.7002;;Schaltverteiler fuer Wechselverkehrszeichenanlage;Punkt;
1.1.2012;5282.7003;;Versorgungsanschluss fuer WVZ-Anlage;Punkt;
1.1.2012;5283.0000;2.3.3.7;Verkehrszeichen-, Richtzeichenbruecke;Punkt;
1.1.2012;5284.0000;2.3.3.8;Licht-, Wechselverkehrszeichenbruecke;Punkt;
1.1.2012;5285.7001;2.3.2.1;Kilometerstein, - tafel an Straße;Punkt;
1.1.2012;5285.7002;2.3.2.1;Kilometerstein, - tafel an Wasserstraße;Punkt;
1.1.2012;5285.7003;2.3.2.1;Kilometerstein, -tafel an Schienenbahn;Punkt;
1.1.2012;5286.0000;2.3.2.8;Stationszeichen;Punkt;
1.1.2012;5286.0000;2.3.2.8;Stationszeichen (Beschriftung: Stationsangabe);Text;
1.1.2012;5287.0000;2.3.3.4;Verkehrsampel;Punkt;
1.1.2012;5288.0000;2.3.3.3;Verkehrszeichen, feststehend;Punkt;
1.1.2012;5289.0000;2.3.2.2;Ortsdurchfahrtsstein, -tafel;Punkt;
1.1.2012;5290.0000;;Helligkeitsmeßgeraet;Punkt;
1.1.2012;5291.0000;;Sichtweitenmeßgeraet;Punkt;
1.1.2012;5292.0000;;Streckenstation Langzeitzaehlstelle;Punkt;
1.1.2012;5292.7001;2.3.2.10;Tuer in Wildschutzzaun, Laermschutzwand o.ae.;Punkt;
1.1.2012;5295.0000;2.3.3.9;Mittelstreifenueberfahrt;Punkt;
1.1.2012;5296.0000;2.3.1.1;Begrenzungslinie befahrbarer Raum;Linie;
1.1.2012;5297.0000;2.3.1.2;Begrenzungslinie befahrbarer Raum, ueberdeckt;Linie;
1.1.2012;5411.0000;2.3.4.1;Bahngleis, Schiene (Achse);Linie;
1.1.2012;5432.0000;2.3.4.2;Straßenbahngleisachse;Linie;
1.1.2012;5434.0000;2.3.3.5;Straßenbahnhaltestelle;Punkt;
1.1.2012;5435.0000;2.5.4.8;Straßenbahn- und Obusmast;Punkt;
1.1.2012;5439.0000;2.3.3.6;Bushaltestelle;Punkt;
1.1.2012;5444.0000;;Seil-, Schwebebahn zur Personenbefoerderung;Linie;
1.1.2012;5445.0000;;Seil-, Schwebebahn zur Materialbefoerderung;Linie;
1.1.2012;5446.0000;2.3.6.3;Bandstraße;Linie;
1.1.2012;5472.0000;;Signal;Punkt;
1.1.2012;5476.0000;2.3.5.4;Blinklicht;Punkt;
1.1.2012;5477.0000;2.3.5.1;Bahnschranke;Punkt;
1.1.2012;5542.0000;2.3.7.1;Anflugbefeuerung, doppelt;Punkt;
1.1.2012;5543.0000;2.3.7.2;Anflugbefeuerung, einfach;Punkt;
1.1.2012;5622.0000;2.3.10.3;Wagenfaehre;Punkt;
1.1.2012;5623.0000;2.3.10.4;Personenfaehre;Punkt;
1.1.2012;5646.0000;2.3.10.1;Leuchtfeuer;Punkt;
1.1.2012;5736.0000;2.3.11.4;Brueckenpfeiler;Punkt;
1.1.2012;5741.0000;2.5.6.4;Laterne, Gas-;Punkt;
1.1.2012;5742.0000;2.5.6.3;Laterne, elektrisch;Punkt;
1.1.2012;5745.0000;2.5.8.1;Briefkasten;Punkt;
1.1.2012;5746.0000;2.7.4.2;Uhr;Punkt;
1.1.2012;5747.0000;2.7.4.1;Anschlagsaeule, Werbeflaeche;Punkt;
1.1.2012;5751.0000;2.7.4.14;Fahnenmast;Punkt;
1.1.2012;6110.0000;2.2.7.1;Nutzungsartensymbol: Acker(-land);Punkt;
1.1.2012;7501.0000;2.7.1.3;Laubbaum, einzelner;Punkt;
1.1.2012;7502.0000;2.7.1.4;Nadelbaum, einzelner;Punkt;
1.1.2012;7503.0000;2.7.1.1;Laubbaum, hervorragender;Punkt;
1.1.2012;7505.0000;2.7.1.2;Nadelbaum, hervorragender;Punkt;
1.1.2012;7506.0000;;Baumreihe von Laubbaeumen (Liniensignatur);Linie;
1.1.2012;7506.7000;2.7.1.6;Baumreihe von Laubbaeumen (Pkt.symbol mit 3 Einzelzeichen);Punkt;
1.1.2012;7507.0000;;Baumreihe von Nadelbaeumen (Liniensignatur);Linie;
1.1.2012;7507.7000;2.7.1.7;Baumreihe von Nadelbaeumen (Pkt.symbol mit 3 Einzelzeichen);Punkt;
1.1.2012;7511.0000;2.7.1.8;Obstbaum, einzelner;Punkt;
1.1.2012;7512.0000;;Baumreihe von Obstbaeumen  (Liniensignatur);Linie;
1.1.2012;7512.7000;2.7.1.9;Baumreihe von Obstbaeumen (Pkt.symbol mit 5 Einzelzeichen);Punkt;
1.1.2012;7515.0000;;Baum von besonderer planerischer Bedeutung;Punkt;
1.1.2012;7515.0000;2.7.1.5;Baum von besonderer planerischer Bedeutung (Schriftzusatz: ggf. Hoehe, Stamm- und Kronendurchmesser in [m]) ;Text;
1.1.2012;7855.0000;2.3.12.2;Ein-, Auslass von Entwaesserungen, Durchlaessen, Rohren;Punkt;
1.1.2012;7855.7002;;Einlaufschacht, Muldeneinlauf;Punkt;
1.1.2012;7855.7003;;Begrenzungslinie Durchlass > 1 mm Kartenbreite;Linie;
1.1.2012;7855.7005;;Regenrinne, Pflasterrinne (Einrichtung Straßen/Wege);Linie;
1.1.2012;7855.7006;;Regenrinne, Pflasterrinne (Bestand Topogr.);Linie;
1.1.2012;8011.0000;2.3.8.9;Quelle;Punkt;
1.1.2012;8023.0000;2.3.10.7;Symbol: Hoehe des Wasserspiegels;Punkt;
1.1.2012;8023.0000;2.3.10.7;Symbol: Hoehe des Wasserspiegels (Schriftzusatz: NN-Hoehe);Text;
1.1.2012;8033.0000;2.3.9.3;Buhne;Linie;
1.1.2012;8037.0000;2.3.8.1;Uferlinie, fest;Linie;
1.1.2012;8038.0000;2.3.8.2;Uferlinie, veraenderlich oder unbestimmbar ;Linie;
1.1.2012;8062.0000;2.3.10.5;Wehr;Linie;
1.1.2012;8073.0000;2.3.12.1;Dueker (Kartenbreite > 1 mm);Linie;
1.1.2012;8073.7001;2.3.12.1;Dueker, Durchlass (Kartenbreite < 1 mm);Linie;
1.1.2012;8074.7001;;Kleintier-, Amphibienleiteinrichtung, -zaun;Linie;
1.1.2012;8074.7002;;Kleintier-, Amphibientunnel;Linie;
1.1.2012;8083.0000;2.3.10.6;Fischtreppe, Kaskade;Linie;
1.1.2012;8083.7001;;Treppe (unmaßst.);Linie;
1.1.2012;8083.7002;;Steigpfeil;Punkt;
1.1.2012;8084.0000;2.7.4.10;Eisbrecher;Punkt;
1.1.2012;8091.0000;2.1.7.1;Lattenpegel;Punkt;
1.1.2012;8091.0000;2.1.7.1;Lattenpegel (Schriftzusatz: P);Text;
1.1.2012;8092.0000;2.1.7.2;Schreibpegel;Punkt;
1.1.2012;8092.0000;2.1.7.2;Schreibpegel (Schriftzusatz: SP);Text;
1.1.2012;8093.0000;2.1.7.3;Hochwasserpegel;Punkt;
1.1.2012;8093.0000;2.1.7.3;Hochwasserpegel (Schriftzusatz: HWP);Text;
1.1.2012;8094.0000;2.1.7.5;Grundwassermeßstelle;Punkt;
1.1.2012;8094.0000;2.1.7.5;Grundwassermeßstelle (Schriftzusatz: GWP mit Hoehenzahl);Text;
1.1.2012;8095.0000;2.1.7.4;Eichpfahl;Punkt;
1.1.2012;8095.0000;2.1.7.4;Eichpfahl (Schriftzusatz: EICHPF);Text;
1.1.2012;8096.0000;2.5.5.13;Grundwasserbeobachtungsrohr;Punkt;
1.1.2012;8401.0000;2.3.8.7;Bach (< 1 mm Kartenbreite);Linie;
1.1.2012;8401.0000;2.3.8.7;Bach (< 1 mm Kartenbreite) (Schriftzusatz: Bach);Text;
1.1.2012;8501.0000;2.3.8.8;Graben (< 1 mm Kartenbreite);Linie;
1.1.2012;8501.0000;2.3.8.8;Graben (< 1 mm Kartenbreite) (Schriftzusatz: Graben);Text;
1.1.2012;8508.7001;;Wegseitengraben, Rinne, Straßengraben;Linie;
1.1.2012;9010.0000;2.7.4.15;Bohrpunkt, Bohrung;Punkt;
1.1.2012;9241.7001;2.3.2.5;Beschriftung: Laermschutz;Text;
1.1.2012;9247.7001;;Blendschutzzaun (Begleitsignatur: rechts);Linie;
1.1.2012;9247.7001;;Blendschutzzaun (Schriftzusatz: Blendschutzzaun);Text;
1.1.2012;9291.0000;2.3.2.3;Schutzeinrichtung, abweisende ~, Leitplanke, einseitig;Linie;
1.1.2012;9292.0000;2.3.2.4;Schutzeinrichtung, abweisende ~, Leitplanke, zweiseitig;Linie;
1.1.2012;9332.0000;2.7.2.1;Denkmal, Denkstein, Standbild;Punkt;
1.1.2012;9333.0000;2.7.2.2;Naturdenkmal (Baum);Punkt;
1.1.2012;9333.0000;2.7.2.2;Naturdenkmal (Baum) (Schriftzusatz: ND);Text;
1.1.2012;9335.0000;2.7.4.7;Hoehle, Kellereingang im Berg od. Fels;Punkt;
1.1.2012;9341.0000;2.7.2.3;Bildstock;Punkt;
1.1.2012;9342.0000;2.7.2.4;Kreuz, Wegekreuz;Punkt;
1.1.2012;9395.0000;2.7.4.11;Meilenstein (historisch);Punkt;
1.1.2012;9411.0000;2.2.7.20;Nutzungsartensymbol: Friedhof;Punkt;
1.1.2012;9488.0000;2.5.8.5;Notrufsaeule;Punkt;
1.1.2012;9701.0000;2.7.4.12;Turm;Punkt;
1.1.2012;9703.0000;2.7.4.13;Aussichtsturm (Schriftzusatz: Name oder AT);Text;
1.1.2012;9703.0000;2.7.4.13;Aussichtsturm (Symbol);Punkt;
1.1.2012;99999.9999;;sonstige Beschriftung;Text;
1.1.2012;99999.9999;;sonstige Flaeche;Flaeche;
1.1.2012;99999.9999;;sonstige Linie;Linie;
1.1.2012;99999.9999;;sonstiger Punkt;Punkt;
1.1.2012;02310-3309;2.4.6;[PPO] Parkhaus, Parkdeck (Symbol Gebaeudenutzung);Punkt;
1.1.2012;02310-3312;;[PPO] Post (Symbol Gebaeudenutzung);Punkt;
1.1.2012;02310-3314;;[PPO] Theater, Oper (Symbol Gebaeudenutzung);Punkt;
1.1.2012;02310-3315;;[PPO] Bibliothek, Buecherei (Symbol Gebaeudenutzung);Punkt;
1.1.2012;02310-3317;;[PPO] Synagoge (Symbol Gebaeudenutzung);Punkt;
1.1.2012;02310-3318;;[PPO] Kapelle (Symbol Gebaeudenutzung);Punkt;
1.1.2012;02310-3321;;[PPO] Krankenhaus, Heil-, Pflegeanstalt, Pflegestation (Symbol Gebaeudenutzung);Punkt;
1.1.2012;02310-3323;;[PPO] Kinderkrippe, -garten, -tagesstaette (Symbol Gebaeudenutzung);Punkt;
1.1.2012;02310-3324;;[PPO] Polizei, -wache (Symbol Gebaeudenutzung);Punkt;
1.1.2012;02310-3326;;[PPO] Feuerwehr (Symbol Gebaeudenutzung);Punkt;
1.1.2012;02310-3328;2.4.6.4;[PPO] U-Bahn-Bahnhof, -Haltestelle, -Haltepunkt (Symbol Gebaeudenutzung);Punkt;
1.1.2012;02310-3330;2.4.6.5;[PPO] S-Bahn-Bahnhof, -Haltestelle, -Haltepunkt (Symbol Gebaeudenutzung);Punkt
1.1.2012;02310-3332;;[PPO] Bus-Bahnhof-Gebaeude(Symbol Gebaeudenutzung);Punkt
1.1.2012;02310-3334;;[PPO] Hallenbad (Symbol Gebaeudenutzung);Punkt
1.1.2012;02310-3336;;[PPO] Tiefgarage (Symbol Gebaeudenutzung);Punkt
1.1.2012;02310-3401;;[PPO] Tankstelle (Nutzungssymbol);Punkt
1.1.2012;02310-3402;;[PPO] Foerderanlage;Punkt
1.1.2012;02310-3403;;[PPO] Kraftwerk (Symbol Gebaeudenutzung);Punkt
1.1.2012;02310-3404;;[PPO] Umspannstation (Symbol Gebaeudenutzung);Punkt
1.1.2012;02310-3405;;[PPO] Bergbaubetrieb, Bergwerk (in Betrieb) (Nutzungssymbol);Punkt
1.1.2012;02310-3407;;[PPO] Tagebau, Grube, Steinbruch (Nutzungsartensymbol);Punkt
1.1.2012;02310-3410;;[PPO] Zoo (Nutzungssymbol);Punkt
1.1.2012;02310-3411;;[PPO] Safaripark, Wildpark (Nutzungssymbol);Punkt
1.1.2012;02310-3412;;[PPO] Campinplatz (Nutzungssymbol);Punkt
1.1.2012;02310-3413;;[PPO] Gruenanlage, Gruenflaeche, Rain (Nutzungssymbol);Punkt
1.1.2012;02310-3415;;[PPO] Park (Nutzungssymbol);Punkt
1.1.2012;02310-3417;;[PPO] Botanischer Garten (Nutzungssymbol);Punkt
1.1.2012;02310-3419;;[PPO] Klein-, Schrebergarten, Laubenkolonie (Nutzungsartensymbol);Punkt
1.1.2012;02310-3421;;[PPO] Garten, Gartenland;Punkt
1.1.2012;02310-3423;;[PPO] Spielplatz, Bolzplatz (Nutzungssymbol);Punkt
1.1.2012;02310-3424;;[PPO] Fussweg, Gang (Nutzungssymbol);Punkt
1.1.2012;02310-3426;;[PPO] Radweg (Nutzungssymbol);Punkt
1.1.2012;02310-3428;;[PPO] Radweg, Fussweg (Nutzungssymbol);Punkt
1.1.2012;02310-3430;;[PPO] Reitweg (Nutzungssymbol);Punkt
1.1.2012;02310-3432;;[PPO] Parkplatz (Nutzungssymbol);Punkt
1.1.2012;02310-3434;;[PPO] Rastplatz, Raststaette, Rastanlage (Nutzungssymbol);Punkt
1.1.2012;02310-3439;;[PPO] Segelfluggelaende (Nutzungsarten-Einzelsymbol);Punkt
1.1.2012;02310-3440;;[PPO] Streuobstacker (Nutzungsarten-Einzelsymbol));Punkt
1.1.2012;02310-3441;;[PPO] Streuobstwiese (Nutzungsarten-Einzelsymbol);Punkt
1.1.2012;02310-3442;;[PPO] Hopfen (Nutzungsarten-Einzelsymbol);Punkt
1.1.2012;02310-3444;;[PPO] Spargel (Nutzungsarten-Einzelsymbol);Punkt
1.1.2012;02310-3446;;[PPO] Baumschule (Nutzungsarten-Einzelsymbol);Punkt
1.1.2012;02310-3448;;[PPO] Weingarten (Nutzungsarten-Einzelsymbol);Punkt
1.1.2012;02310-3450;;[PPO] Obstplantage (Nutzungsarten-Einzelsymbol);Punkt
1.1.2012;02310-3452;;[PPO] Obstbaumplantage (Nutzungsarten-Einzelsymbol);Punkt
1.1.2012;02310-3454;;[PPO] Obststrauchplantage (Nutzungsarten-Einzelsymbol);Punkt
1.1.2012;02310-3456;2.2.7.13;[PPO] Wald - allgemein (Nutzungsarten-Einzelsymbol);Punkt
1.1.2012;02310-3458;2.2.7.11;[PPO] Laubwald, -busch (Nutzungsarten-Einzelsymbol);Punkt
1.1.2012;02310-3460;2.2.7.12;[PPO] Nadelwald, -busch (Nutzungsarten-Einzelsymbol);Punkt
1.1.2012;02310-3462;2.2.7.13;[PPO] Laub- und Nadelholz (Nutzungsarten-Einzelsymbol);Punkt
1.1.2012;02310-3470;;[PPO] Gehoelz (Nutzungsarten-Einzelsymbol);Punkt
1.1.2012;02310-3474;2.2.7.15;[PPO] Heide (Nutzungsarten-Einzelsymbol);Punkt
1.1.2012;02310-3476;2.2.7.14;[PPO] Moor (Nutzungsarten-Einzelsymbol);Punkt
1.1.2012;02310-3478;;[PPO] Sumpf (Nutzungsarten-Einzelsymbol);Punkt
1.1.2012;02310-3480;;[PPO] Unland/Vegetationslose Flaeche (Nutzungsarten-Einzelsymbol);Punkt
1.1.2012;02310-3481;;[PPO] Unland/Vegetationslose Flaeche: Fels (Nutzungsarten-Einzelsymbol);Punkt
1.1.2012;02310-3484;;[PPO] Unland/Vegetationslose Flaeche: Sand (Nutzungsarten-Einzelsymbol);Punkt
1.1.2012;02310-3488;2.3.8.3;[PPO] Fließrichtungspfeil in Bach, Fleet, Fliessgewaesser, Graben;Punkt
1.1.2012;02310-3490;;[PPO] (Sportboot-)hafenbecken, stehendes Gewaesser wie See, Teich usw. (Nutzungsarten-Einzelsymbol);Punkt
1.1.2012;02310-3501;;[PPO] Windrad;Punkt
1.1.2012;02310-3504;;[PPO] Mast, -fundament (Elektizitaetsversorgung);Punkt
1.1.2012;02310-3506;;[PPO] Funkmast, Antenne;Punkt
1.1.2012;02310-3522;;[PPO] Vorratsbehaelter, Speicherbauwerk, Silo (Symbol);Punkt
1.1.2012;02310-3524;;[PPO] Schießanlage (Symbol);Punkt
1.1.2012;02320-2004;2.6.2.2;[LPO] Zuordnungspfeil, auch: Zuordnungspfeil, abweichender Rechtszustand;Linie
1.1.2012;02320-2032;;[LPO] Gebaeude nach Quellenlage nicht zu spezifizieren, unter der Erdoberflaeche;Linie
1.1.2012;02320-2504;;[LPO] Bandstraße, Foerderband unter der Erdoberflaeche/Wasserflaeche;Linie
1.1.2012;02320-2506;;[LPO] Bach, Durchlass, Graben verdolt/unterirdisch/bedeckt;Linie
1.1.2012;02320-2507;2.4.4.4;[LPO] Begrenzungslinie Arkade, auskragendes od. zurueckspringendes Geschoss;Linie
1.1.2012;02320-2509;2.4.1.1;[LPO] Begrenzungslinie Hochhaus;Linie
1.1.2012;02320-2510;;[LPO] Mauer, historische, Stadt~, Ufer~, Kai~, Stuetz~;Linie
1.1.2012;02320-2511;;[LPO] Begrenzungslinie Hochhaus, aufgestaendert;Linie
1.1.2012;02320-2512;;[LPO] Keller, Tiefgarage unter der Erdoberflaeche;Linie
1.1.2012;02320-2513;;[LPO] Schornstein, Schlott, Esse im Gebaeude;Linie
1.1.2012;02320-2514;;[LPO] Turm im Gebaeude;Linie
1.1.2012;02320-2515;;[LPO] Umring von Flaechen, Ackerland, Brachland ...;Linie
1.1.2012;02320-2516;;[LPO] Umring von Bahnverkehr, Flugverkehr, Strassenverkehr im Bau ...;Linie
1.1.2012;02320-2517;;[LPO] Umring von Gehoelz, Wald, Laub und Nadelwald ...;Linie
1.1.2012;02320-2518;;[LPO] Umring von Fliessgewaesser, Meer, Schnee ...;Linie
1.1.2012;02320-2519;;[LPO] Umring von Kanal im Bau;Linie
1.1.2012;02320-2520;;[LPO] Stehendes Gewaesser, nicht staendig Wasser fuehrend;Linie
1.1.2012;02320-2521;;[LPO] Foerderband, Bandstrasse, Tor;Linie
1.1.2012;02320-2523;;[LPO] Rohrleitung, Pipeline unter der Erd-, der Wasseroberflaeche, Erdkabel;Linie
1.1.2012;11001-0000;2.6.1.8;[Flurstueck] Flurstueck;Flaeche
1.1.2012;11002-1000;2.6.1.9;[LPO] Grenze des Flurstuecks (Flurstuecksgrenze), nicht feststellbar, strittig;Linie
1.1.2012;11002-3000;2.6.1.7;[LPO] Grenze der Flur (Flurgrenze);Linie
1.1.2012;11002-7003;2.6.1.6;[LPO] Grenze der Gemarkung (Gemarkungsgrenze);Linie
1.1.2012;11002-7101;2.6.1.1;[LPO] Grenze der Bundesrepublik Deutschland (Staatsgrenze);Linie
1.1.2012;11002-7102;2.6.1.2;[LPO] Grenze des Bundeslandes (Landesgrenze);Linie
1.1.2012;11002-7103;2.6.1.3;[LPO] Grenze des Regierungsbezirkes (Regierungsbezirksgrenze);Linie
1.1.2012;11002-7104;2.6.1.4;[LPO] Grenze des Landkreises (Kreisgrenze);Linie
1.1.2012;11002-7106;2.6.1.5;[LPO] Grenze der Gemeinde (Gemeindegrenze);Linie;
1.1.2012;11002-7108;;[LPO] Grenze der Verwaltungsgemeinschaft;Linie;
1.1.2012;11003-1000;2.6.3.3;[Grenzpunkt] Grenzpunkt abgemarkt, dauerhaft und gut erkennbar festgelegt;Punkt;
1.1.2012;11003-9500;2.6.3.4;[Grenzpunkt] Grenzpunkt unvermarkt, ohne Marke, unterirdische Marke;Punkt;
1.1.2012;13001-0000;2.1.2;[Aufnahmepunkt Beschriftung] Punktnummer zum Aufnahme-/Polygonpunkt;Text;
1.1.2012;13001-0000;2.1.2;[Aufnahmepunkt] Aufnahme-/Polygonpunkt;Punkt;
1.1.2012;13002-0000;;[Sicherungspunkt] Sicherungspunkt;Punkt;
1.1.2012;13003-0000;2.1.4;[SonstigerVermessungspunkt Beschriftung] Punktnummer zu sonstiger Vermessungspunkt, Kleinpunkt;Text;
1.1.2012;13003-0000;2.1.4;[SonstigerVermessungspunkt] sonstiger Vermessungspunkt, Kleinpunkt;Punkt;
1.1.2012;31001-1000;;[Gebaeude] Wohngebaeude - verfallen, zerstoert;Flaeche;
1.1.2012;31001-1400;;[LPO] Begrenzungslinie Gebaeude, aufgestaendert;Linie;
1.1.2012;31001-2000;;[Gebaeude] Gebaeude fuer Wirtschaft oder Gewerbe - verfallen, zerstoert;Flaeche;
1.1.2012;31001-2142;;[Gebaeude] Speichergebaeude;Flaeche;
1.1.2012;31001-2171;;[Gebaeude] Bergwerk;Flaeche;
1.1.2012;31001-2450;;[Gebaeude] Betriebsgebaeude zur Seilbahn;Flaeche;
1.1.2012;31001-2461;;[Gebaeude] Parkhaus, Parkdeck;Flaeche;
1.1.2012;31001-2463;;[Gebaeude] Garage;Flaeche
1.1.2012;31001-2465;;[Gebaeude] Tiefgarage;Flaeche
1.1.2012;31001-2513;;[Gebaeude] Wasserbehaelter;Flaeche
1.1.2012;31001-2523;;[Gebaeude] Umformer, Transformator (Gebaeude und Bauwerk);Flaeche
1.1.2012;31001-2527;;[Gebaeude] Reaktorgebaeude;Flaeche
1.1.2012;31001-2611;;[Gebaeude] Gebaeude der Klaeranlage;Flaeche
1.1.2012;31001-3000;;[Gebaeude] Gebaeude fuer oeffentliche Zwecke - verfallen, zerstoert;Flaeche
1.1.2012;31001-3010;;[Gebaeude] Verwaltungsgebaeude;Flaeche
1.1.2012;31001-3011;;[Gebaeude] Parlament;Flaeche
1.1.2012;31001-3012;;[Gebaeude] Rathaus;Flaeche
1.1.2012;31001-3013;;[Gebaeude] Post;Flaeche
1.1.2012;31001-3014;;[Gebaeude] Zollamt;Flaeche
1.1.2012;31001-3015;;[Gebaeude] Gericht;Flaeche
1.1.2012;31001-3016;;[Gebaeude] Botschaft, Konsulat;Flaeche
1.1.2012;31001-3017;;[Gebaeude] Kreisverwaltung;Flaeche
1.1.2012;31001-3019;;[Gebaeude] Finanzamt;Flaeche
1.1.2012;31001-3020;;[Gebaeude] Gebaeude fuer Bildung und Forschung;Flaeche
1.1.2012;31001-3021;;[Gebaeude] Allgemein bildende Schule;Flaeche
1.1.2012;31001-3022;;[Gebaeude] Berufsbildende Schule;Flaeche
1.1.2012;31001-3023;;[Gebaeude] Hochschulgebaeude (Fachhochschule, Universitaet);Flaeche
1.1.2012;31001-3024;;[Gebaeude] Forschungsinstitut;Flaeche
1.1.2012;31001-3030;;[Gebaeude] Gebaeude fuer kulturelle Zwecke;Flaeche
1.1.2012;31001-3031;;[Gebaeude] Schloss;Flaeche
1.1.2012;31001-3032;;[Gebaeude] Theater, Oper;Flaeche
1.1.2012;31001-3033;;[Gebaeude] Konzertgebaeude;Flaeche
1.1.2012;31001-3034;;[Gebaeude] Museum;Flaeche
1.1.2012;31001-3035;;[Gebaeude] Rundfunk, Fernsehen;Flaeche
1.1.2012;31001-3036;;[Gebaeude] Veranstaltungsgebaeude;Flaeche
1.1.2012;31001-3037;;[Gebaeude] Bibliothek, Buecherei;Flaeche
1.1.2012;31001-3038;;[Gebaeude] Burg, Festung;Flaeche
1.1.2012;31001-3040;;[Gebaeude] Gebaeude fuer religioese Zwecke;Flaeche
1.1.2012;31001-3041;;[Gebaeude] Kirche;Flaeche
1.1.2012;31001-3042;;[Gebaeude] Synagoge;Flaeche
1.1.2012;31001-3043;;[Gebaeude] Kapelle;Flaeche
1.1.2012;31001-3045;;[Gebaeude] Gotteshaus;Flaeche
1.1.2012;31001-3050;;[Gebaeude] Gebaeude fuer Gesundheitswesen;Flaeche
1.1.2012;31001-3051;;[Gebaeude] Krankenhaus;Flaeche
1.1.2012;31001-3052;;[Gebaeude] Heilanstalt, Pflegeanstalt, Pflegestation;Flaeche
1.1.2012;31001-3060;;[Gebaeude] Gebaeude fuer soziale Zwecke;Flaeche
1.1.2012;31001-3061;;[Gebaeude] Jugendfreizeitheim;Flaeche
1.1.2012;31001-3062;;[Gebaeude] Freizeit-, Vereinsheim, Dorfgemeinschafts-, Buergerhaus;Flaeche
1.1.2012;31001-3063;;[Gebaeude] Seniorenfreizeitstaette;Flaeche
1.1.2012;31001-3064;;[Gebaeude] Obdachlosenheim;Flaeche
1.1.2012;31001-3065;;[Gebaeude] Kinderkrippe, Kindergarten, Kindertagesstaette;Flaeche
1.1.2012;31001-3070;;[Gebaeude] Gebaeude fuer Sicherheit und Ordnung;Flaeche
1.1.2012;31001-3071;;[Gebaeude] Polizei, -wache;Flaeche
1.1.2012;31001-3072;;[Gebaeude] Feuerwehr;Flaeche
1.1.2012;31001-3073;;[Gebaeude] Kaserne;Flaeche
1.1.2012;31001-3074;;[Gebaeude] Schutzbunker;Flaeche
1.1.2012;31001-3075;;[Gebaeude] Justizvollzugsanstalt;Flaeche
1.1.2012;31001-3080;;[Gebaeude] Friedhofsgebaeude;Flaeche
1.1.2012;31001-3081;;[Gebaeude] Trauerhalle;Flaeche
1.1.2012;31001-3090;;[Gebaeude] Empfangsgebaeude;Flaeche
1.1.2012;31001-3091;;[Gebaeude] Bahnhofsgebaeude;Flaeche
1.1.2012;31001-3092;;[Gebaeude] Flughafengebaeude;Flaeche
1.1.2012;31001-3094;;[Gebaeude] U-Bahn-Bahnhof-Gebaeude;Flaeche
1.1.2012;31001-3095;;[Gebaeude] S-Bahn-Bahnhof-Gebaeude;Flaeche
1.1.2012;31001-3097;;[Gebaeude] Bus-Bahnhof-Gebaeude;Flaeche
1.1.2012;31001-3211;;[Gebaeude] Sport-, Turnhalle;Flaeche
1.1.2012;31001-3221;;[Gebaeude] Hallenbad;Flaeche
1.1.2012;31001-3242;;[Gebaeude] Sanatorium;Flaeche
1.1.2012;31001-3281;;[Gebaeude] Schutzhuette;Flaeche
1.1.2012;31002-1400;;[Bauteil] Gebaeudeteil mit abweichender Geschosshoehe;Flaeche
1.1.2012;31002-2100;;[Gebaeude] Tiefgarage;Flaeche
1.1.2012;31002-2400;;[Bauteil] Arkade, auskragendes od. zurueckspringendes Geschoss;Flaeche
1.1.2012;31002-2610;;[Bauteil] Durchfahrt im Gebaeude;Flaeche
1.1.2012;31002-2620;;[Bauteil] Durchfahrt an ueberbauter Verkehrsstraße;Flaeche
1.1.2012;31003-1000;;[BesondereGebaeudelinie] Begrenzungslinie Gebaeude, offen;Linie
1.1.2012;41001-0000;;[Nutzungsart nach RitN] Wohnbauflaeche;Flaeche
1.1.2012;41002-0000;;[Nutzungsart nach RitN] Industrie- und Gewerbeflaeche;Flaeche
1.1.2012;41002-1400;;[Nutzungsart nach RitN] Handel und Dienstleistung;Flaeche
1.1.2012;41002-1410;;[Nutzungsart nach RitN] Verwaltung, freie Berufe;Flaeche
1.1.2012;41002-1420;;[Nutzungsart nach RitN] Bank, Kredit;Flaeche
1.1.2012;41002-1430;;[Nutzungsart nach RitN] Versicherung;Flaeche
1.1.2012;41002-1440;;[Nutzungsart nach RitN] Handel;Flaeche
1.1.2012;41002-1450;;[Nutzungsart nach RitN] Ausstellung, Messe;Flaeche
1.1.2012;41002-1460;;[Nutzungsart nach RitN] Beherbergung;Flaeche
1.1.2012;41002-1470;;[Nutzungsart nach RitN] Restauration;Flaeche
1.1.2012;41002-1480;;[Nutzungsart nach RitN] Vergnuegung;Flaeche
1.1.2012;41002-1490;;[Nutzungsart nach RitN] Gaertnerei;Flaeche
1.1.2012;41002-1700;;[Nutzungsart nach RitN] Industrie und Gewerbe;Flaeche
1.1.2012;41002-1701;;[Nutzungsart nach RitN] Gebaeude- und Freiflaeche Industrie und Gewerbe;Flaeche
1.1.2012;41002-1710;;[Nutzungsart nach RitN] Produktion;Flaeche
1.1.2012;41002-1720;;[Nutzungsart nach RitN] Handwerk;Flaeche
1.1.2012;41002-1730;;[Nutzungsart nach RitN] Tankstelle;Flaeche
1.1.2012;41002-1740;;[Nutzungsart nach RitN] Lagerplatz;Flaeche
1.1.2012;41002-1750;;[Nutzungsart nach RitN] Transport;Flaeche
1.1.2012;41002-1760;;[Nutzungsart nach RitN] Forschung;Flaeche
1.1.2012;41002-1770;;[Nutzungsart nach RitN] Grundstoff;Flaeche
1.1.2012;41002-1780;;[Nutzungsart nach RitN] Betriebliche Sozialeinrichtung;Flaeche
1.1.2012;41002-1790;;[Nutzungsart nach RitN] Werft;Flaeche
1.1.2012;41002-2500;;[Nutzungsart nach RitN] Versorgungsanlag;Flaeche
1.1.2012;41002-2501;;[Nutzungsart nach RitN] Gebaeude- und Freiflaeche Versorgungsanlage;Flaeche
1.1.2012;41002-2502;;[Nutzungsart nach RitN] Betriebsflaeche Versorgungsanlage;Flaeche
1.1.2012;41002-2510;;[Nutzungsart nach RitN] Foerderanlage;Flaeche
1.1.2012;41002-2520;;[Nutzungsart nach RitN] Wasserwerk;Flaeche
1.1.2012;41002-2521;;[Nutzungsart nach RitN] Gebaeude- und Freiflaeche Versorgungsanlage, Wasser;Flaeche
1.1.2012;41002-2522;;[Nutzungsart nach RitN] Betriebsflaeche Versorgungsanlage, Wasser;Flaeche
1.1.2012;41002-2530;;[Nutzungsart nach RitN] Kraftwerk;Flaeche
1.1.2012;41002-2531;;[Nutzungsart nach RitN] Gebaeude- und Freiflaeche Versorgungsanlage, Elektrizitaet;Flaeche
1.1.2012;41002-2532;;[Nutzungsart nach RitN] Betriebsflaeche Versorgungsanlage, Elektrizitaet;Flaeche
1.1.2012;41002-2540;;[Nutzungsart nach RitN] Umspannstation;Flaeche
1.1.2012;41002-2550;;[Nutzungsart nach RitN] Raffinerie;Flaeche
1.1.2012;41002-2551;;[Nutzungsart nach RitN] Gebaeude- und Freiflaeche Versorgungsanlage, Oel;Flaeche
1.1.2012;41002-2552;;[Nutzungsart nach RitN] Betriebsflaeche Versorganlage, Oel;Flaeche
1.1.2012;41002-2560;;[Nutzungsart nach RitN] Gaswerk;Flaeche
1.1.2012;41002-2561;;[Nutzungsart nach RitN] Gebaeude- und Freiflaeche Versorgungsanlage, Gas;Flaeche
1.1.2012;41002-2562;;[Nutzungsart nach RitN] Betriebsflaeche Versorgungsanlage, Gas;Flaeche
1.1.2012;41002-2570;;[Nutzungsart nach RitN] Heizwerk;Flaeche
1.1.2012;41002-2571;;[Nutzungsart nach RitN] Gebaeude- und Freiflaeche Versorgungsanlage, Waerme;Flaeche
1.1.2012;41002-2572;;[Nutzungsart nach RitN] Betriebsflaeche Versorgungsanlage, Waerme;Flaeche
1.1.2012;41002-2580;;[Nutzungsart nach RitN] Funk- und Fernmeldeanlage;Flaeche
1.1.2012;41002-2581;;[Nutzungsart nach RitN] Gebaeude- und Freiflaeche Versorgungsanlage, Funk- und Fernmeldewesen;Flaeche
1.1.2012;41002-2582;;[Nutzungsart nach RitN] Betriebsflaeche Versorgungsanlage, Funk- und Fernmeldewesen;Flaeche
1.1.2012;41002-2600;;[Nutzungsart nach RitN] Entsorgung;Flaeche
1.1.2012;41002-2601;;[Nutzungsart nach RitN] Gebaeude- und Freiflaeche Entsorgungsanlage;Flaeche
1.1.2012;41002-2602;;[Nutzungsart nach RitN] Betriebsflaeche Entsorgungsanlage;Flaeche
1.1.2012;41002-2610;;[Nutzungsart nach RitN] Klaeranlage, Klaerwerk;Flaeche
1.1.2012;41002-2611;;[Nutzungsart nach RitN] Gebaeude- und Freiflaeche Entsorgungsanlage, Abwasserbeseitigung;Flaeche
1.1.2012;41002-2612;;[Nutzungsart nach RitN] Betriebsflaeche Entsorgungsanlage, Abwasserbeseitigung;Flaeche
1.1.2012;41002-2620;;[Nutzungsart nach RitN] Abfallbehandlungsanlage;Flaeche
1.1.2012;41002-2621;;[Nutzungsart nach RitN] Gebaeude- und Freiflaeche Entsorgungsanlage, Abwasserbeseitigung;Flaeche
1.1.2012;41002-2622;;[Nutzungsart nach RitN] Betriebsflaeche Entsorgungsanlage, Abfallbeseitigung;Flaeche
1.1.2012;41002-2623;;[Nutzungsart nach RitN] Betriebsflaeche Entsorgungsanlage, Schlamm;Flaeche
1.1.2012;41002-2630;;[Nutzungsart nach RitN] Deponie (oberirdisch);Flaeche
1.1.2012;41003-0000;;[Nutzungsart nach RitN] Halde;Flaeche
1.1.2012;41003-1000;;[Nutzungsart nach RitN] Halde - Baustoffe;Flaeche
1.1.2012;41003-2000;;[Nutzungsart nach RitN] Halde - Kohle;Flaeche
1.1.2012;41003-4000;;[Nutzungsart nach RitN] Halde - Erde;Flaeche
1.1.2012;41003-5000;;[Nutzungsart nach RitN] Halde - Schutt;Flaeche
1.1.2012;41003-6000;;[Nutzungsart nach RitN] Halde - Schlacke;Flaeche
1.1.2012;41003-7000;;[Nutzungsart nach RitN] Halde - Abraum;Flaeche
1.1.2012;41003-8000;;[Nutzungsart nach RitN] Halde - Schrott, Altmaterial;Flaeche
1.1.2012;41004-0000;;[Nutzungsart nach RitN] Bergbaubetrieb;Flaeche
1.1.2012;41004-3000;;[Nutzungsart nach RitN] Bergbaubetrieb - Erze;Flaeche
1.1.2012;41004-4000;;[Nutzungsart nach RitN] Bergbaubetrieb - Treib- und Brennstoffe;Flaeche
1.1.2012;41004-4020;;[Nutzungsart nach RitN] Bergbaubetrieb - Kohle;Flaeche
1.1.2012;41004-5000;;[Nutzungsart nach RitN] Bergbaubetrieb - Industrieminerale, Salze;Flaeche
1.1.2012;41005-0000;;[Nutzungsart nach RitN] Tagebau, Grube, Steinbruch;Flaeche
1.1.2012;41005-1000;;[Nutzungsart nach RitN] Tagebau, Grube, Steinbruch - Erden, Lockergestein;Flaeche
1.1.2012;41005-1001;;[Nutzungsart nach RitN] Tagebau, Grube, Steinbruch - Ton;Flaeche
1.1.2012;41005-1004;;[Nutzungsart nach RitN] Tagebau, Grube, Steinbruch - Lehm;Flaeche
1.1.2012;41005-1006;;[Nutzungsart nach RitN] Tagebau, Grube, Steinbruch - Mergel;Flaeche
1.1.2012;41005-1008;;[Nutzungsart nach RitN] Tagebau, Grube, Steinbruch - Sand;Flaeche
1.1.2012;41005-1009;;[Nutzungsart nach RitN] Tagebau, Grube, Steinbruch - Kies, Kiessand;Flaeche
1.1.2012;41005-2000;;[Nutzungsart nach RitN] Tagebau, Grube, Steinbruch - Steine, Gestein, Festgestein;Flaeche
1.1.2012;41005-2020;;[Nutzungsart nach RitN] Tagebau, Grube, Steinbruch - Lavaschlacke;Flaeche
1.1.2012;41005-4000;;[Nutzungsart nach RitN] Tagebau, Grube, Steinbruch - Treib- und Brennstoffe;Flaeche
1.1.2012;41005-4010;;[Nutzungsart nach RitN] Tagebau, Grube, Steinbruch - Torf;Flaeche
1.1.2012;41005-5000;;[Nutzungsart nach RitN] Tagebau, Grube, Steinbruch - Industrieminerale, Salze;Flaeche
1.1.2012;41006-0000;;[Nutzungsart nach RitN] Flaeche gemischter Nutzung;Flaeche
1.1.2012;41006-2100;;[Nutzungsart nach RitN] Gebaeude- und Freiflaeche, Mischnutzung mit Wohnen;Flaeche
1.1.2012;41006-2110;;[Nutzungsart nach RitN] Wohnen mit Oeffentlich;Flaeche
1.1.2012;41006-2120;;[Nutzungsart nach RitN] Wohnen mit Handel und Dienstleistungen;Flaeche
1.1.2012;41006-2130;;[Nutzungsart nach RitN] Wohnen mit Gewerbe und Industrie;Flaeche
1.1.2012;41006-2140;;[Nutzungsart nach RitN] Oeffentlich mit Wohnen;Flaeche
1.1.2012;41006-2150;;[Nutzungsart nach RitN] Handel und Dienstleistungen mit Wohnen;Flaeche
1.1.2012;41006-2160;;[Nutzungsart nach RitN] Gewerbe und Industrie mit Wohnen;Flaeche
1.1.2012;41006-2700;;[Nutzungsart nach RitN] Gebaeude- und Freiflaeche Land- und Forstwirtschaft;Flaeche
1.1.2012;41006-2710;;[Nutzungsart nach RitN] Wohnen;Flaeche
1.1.2012;41006-2720;;[Nutzungsart nach RitN] Betrieb;Flaeche
1.1.2012;41006-2730;;[Nutzungsart nach RitN] Wohnen und Betrieb;Flaeche
1.1.2012;41006-6800;;[Nutzungsart nach RitN] Landwirtschaftliche Betriebsflaeche;Flaeche
1.1.2012;41006-7600;;[Nutzungsart nach RitN] Forstwirtschaftliche Betriebsflaeche;Flaeche
1.1.2012;41007-0000;;[Nutzungsart nach RitN] Flaeche besonderer funktionaler Praegung;Flaeche
1.1.2012;41007-1100;;[Nutzungsart nach RitN] Oeffentliche Zwecke;Flaeche
1.1.2012;41007-1110;;[Nutzungsart nach RitN] Verwaltung;Flaeche
1.1.2012;41007-1120;;[Nutzungsart nach RitN] Bildung und Forschung;Flaeche
1.1.2012;41007-1130;;[Nutzungsart nach RitN] Kultur;Flaeche
1.1.2012;41007-1140;;[Nutzungsart nach RitN] Religioese Einrichtung;Flaeche
1.1.2012;41007-1150;;[Nutzungsart nach RitN] Gesundheit, Kur;Flaeche
1.1.2012;41007-1160;;[Nutzungsart nach RitN] Soziales;Flaeche
1.1.2012;41007-1170;;[Nutzungsart nach RitN] Sicherheit und Ordnung;Flaeche
1.1.2012;41007-1200;;[Nutzungsart nach RitN] Parken;Flaeche
1.1.2012;41007-1300;;[Nutzungsart nach RitN] Historische Anlage;Flaeche
1.1.2012;41008-0000;;[Nutzungsart nach RitN] Sport-, Freizeit- und Erholungsflaeche;Flaeche
1.1.2012;41008-4001;;[Nutzungsart nach RitN] Gebaeude- und Freiflaeche Sport, Freizeit und Erholung;Flaeche
1.1.2012;41008-4100;;[Nutzungsart nach RitN] Sportanlage;Flaeche
1.1.2012;41008-4101;;[Nutzungsart nach RitN] Gebaeude- und Freiflaeche Erholung, Sport;Flaeche
1.1.2012;41008-4110;;[Nutzungsart nach RitN] Golfplatz;Flaeche
1.1.2012;41008-4120;;[Nutzungsart nach RitN] Sportplatz;Flaeche
1.1.2012;41008-4130;;[Nutzungsart nach RitN] Rennbahn;Flaeche
1.1.2012;41008-4140;;[Nutzungsart nach RitN] Reitplatz;Flaeche
1.1.2012;41008-4150;;[Nutzungsart nach RitN] Schießanlage;Flaeche
1.1.2012;41008-4160;;[Nutzungsart nach RitN] Eis-, Rollschuhbahn;Flaeche
1.1.2012;41008-4170;;[Nutzungsart nach RitN] Tennisplatz;Flaeche
1.1.2012;41008-4200;;[Nutzungsart nach RitN] Freizeitanlage;Flaeche
1.1.2012;41008-4210;;[Nutzungsart nach RitN] Zoo;Flaeche
1.1.2012;41008-4211;;[Nutzungsart nach RitN] Gebaeude- und Freiflaeche Erholung, Zoologie;Flaeche
1.1.2012;41008-4220;;[Nutzungsart nach RitN] Safaripark, Wildpark;Flaeche
1.1.2012;41008-4230;;[Nutzungsart nach RitN] Freizeitpark;Flaeche
1.1.2012;41008-4270;;[Nutzungsart nach RitN] Verkehrsuebungsplatz;Flaeche
1.1.2012;41008-4300;;[Nutzungsart nach RitN] Erholungsflaeche;Flaeche
1.1.2012;41008-4301;;[Nutzungsart nach RitN] Gebaeude- und Freiflaeche Erholung;Flaeche
1.1.2012;41008-4320;;[Nutzungsart nach RitN] Schwimmbad, Freibad;Flaeche
1.1.2012;41008-4321;;[Nutzungsart nach RitN] Gebaeude- und Freiflaeche Erholung, Bad;Flaeche
1.1.2012;41008-4330;;[Nutzungsart nach RitN] Campingplatz;Flaeche
1.1.2012;41008-4331;;[Nutzungsart nach RitN] Gebaeude- und Freiflaeche Erholung, Camping;Flaeche
1.1.2012;41008-4400;;[Nutzungsart nach RitN] Gruenanlage;Flaeche
1.1.2012;41008-4420;;[Nutzungsart nach RitN] Park;Flaeche
1.1.2012;41008-4430;;[Nutzungsart nach RitN] Botanischer Garten;Flaeche
1.1.2012;41008-4431;;[Nutzungsart nach RitN] Gebaeude- und Freiflaeche Erholung, Botanik;Flaeche
1.1.2012;41008-4440;;[Nutzungsart nach RitN] Kleingarten;Flaeche
1.1.2012;41008-4450;;[Nutzungsart nach RitN] Wochenendplatz;Flaeche
1.1.2012;41008-4460;;[Nutzungsart nach RitN] Garten;Flaeche
1.1.2012;41008-4470;;[Nutzungsart nach RitN] Spielplatz, Bolzplatz;Flaeche
1.1.2012;41009-0000;;[Nutzungsart nach RitN] Friedhof;Flaeche
1.1.2012;41009-9401;;[Nutzungsart nach RitN] Gebaeude- und Freiflaeche Friedhof;Flaeche
1.1.2012;41009-9402;;[Nutzungsart nach RitN] Friedhof (ohne Gebaeude);Flaeche
1.1.2012;41009-9403;;[Nutzungsart nach RitN] Friedhof (Park);Flaeche
1.1.2012;42001-0000;;[Nutzungsart nach RitN] Strassenverkehr;Flaeche
1.1.2012;42001-2311;;[Nutzungsart nach RitN] Gebaeude- und Freiflaeche zu Verkehrsanlagen, Straße;Flaeche
1.1.2012;42001-2312;;[Nutzungsart nach RitN] Verkehrsbegleitflaeche Straße;Flaeche
1.1.2012;42001-5130;;[Nutzungsart nach RitN] Fußgaengerzone;Flaeche
1.1.2012;42006-0000;;[Nutzungsart nach RitN] Weg;Flaeche
1.1.2012;42006-5210;;[Nutzungsart nach RitN] Fahrweg;Flaeche
1.1.2012;42006-5220;;[Nutzungsart nach RitN] Fußweg;Flaeche
1.1.2012;42006-5230;;[Nutzungsart nach RitN] Gang;Flaeche
1.1.2012;42006-5240;;[Nutzungsart nach RitN] Radweg;Flaeche
1.1.2012;42006-5250;;[Nutzungsart nach RitN] Rad- und Fussweg;Flaeche
1.1.2012;42006-5260;;[Nutzungsart nach RitN] Reitweg;Flaeche
1.1.2012;42009-0000;;[Nutzungsart nach RitN] Platz;Flaeche
1.1.2012;42009-5310;;[Nutzungsart nach RitN] Parkplatz;Flaeche
1.1.2012;42009-5320;;[Nutzungsart nach RitN] Rastplatz;Flaeche
1.1.2012;42009-5340;;[Nutzungsart nach RitN] Marktplatz;Flaeche
1.1.2012;42010-0000;;[Nutzungsart nach RitN] Bahnverkehr;Flaeche
1.1.2012;42010-1100;;[Nutzungsart nach RitN] Eisenbahn;Flaeche
1.1.2012;42010-1104;;[Nutzungsart nach RitN] S-Bahn;Flaeche
1.1.2012;42010-1200;;[Nutzungsart nach RitN] Stadtbahn;Flaeche
1.1.2012;42010-1201;;[Nutzungsart nach RitN] Straßenbahn;Flaeche
1.1.2012;42010-1202;;[Nutzungsart nach RitN] U-Bahn;Flaeche
1.1.2012;42010-1300;;[Nutzungsart nach RitN] Seilbahn, Bergbahn;Flaeche
1.1.2012;42010-1400;;[Nutzungsart nach RitN] Museumsbahn;Flaeche
1.1.2012;42010-2321;;[Nutzungsart nach RitN] Gebaeude- und Freiflaeche zu Verkehrsanlagen, Schiene;Flaeche
1.1.2012;42010-2322;;[Nutzungsart nach RitN] Verkehrsbegleitflaeche Bahnverkehr;Flaeche
1.1.2012;42015-0000;;[Nutzungsart nach RitN] Flugverkehr;Flaeche
1.1.2012;42015-5501;;[Nutzungsart nach RitN] Gebaeude- und Freiflaeche zu Verkehrsanlagen, Luftfahrt;Flaeche
1.1.2012;42015-5510;;[Nutzungsart nach RitN] Flughafen;Flaeche
1.1.2012;42015-5540;;[Nutzungsart nach RitN] Landeplatz, Sonderlandeplatz;Flaeche
1.1.2012;42015-5550;;[Nutzungsart nach RitN] Segelfluggelaende;Flaeche
1.1.2012;42016-0000;;[Nutzungsart nach RitN] Schiffsverkehr;Flaeche
1.1.2012;42016-2341;;[Nutzungsart nach RitN] Gebaeude und Freiflaeche zu Verkehrsanlagen, Schifffahrt;Flaeche
1.1.2012;42016-5610;;[Nutzungsart nach RitN] Hafenanlage (Landflaeche);Flaeche
1.1.2012;42016-5630;;[Nutzungsart nach RitN] Anlegestelle;Flaeche
1.1.2012;42016-5640;;[Nutzungsart nach RitN] Faehranlage;Flaeche
1.1.2012;43001-0000;;[Nutzungsart nach RitN] Landwirtschaft;Flaeche
1.1.2012;43001-1010;;[Nutzungsart nach RitN] Acker, Ackerland;Flaeche
1.1.2012;43001-1011;;[Nutzungsart nach RitN] Streuobstacker;Flaeche
1.1.2012;43001-1012;;[Nutzungsart nach RitN] Hopfen;Flaeche
1.1.2012;43001-1013;;[Nutzungsart nach RitN] Spargel;Flaeche
1.1.2012;43001-1020;;[Nutzungsart nach RitN] Gruenanlage, Gruenland;Flaeche
1.1.2012;43001-1021;;[Nutzungsart nach RitN] Streuobstwiese;Flaeche
1.1.2012;43001-1030;;[Nutzungsart nach RitN] Garten, Gartenland;Flaeche
1.1.2012;43001-1031;;[Nutzungsart nach RitN] Baumschule;Flaeche
1.1.2012;43001-1040;;[Nutzungsart nach RitN] Weingarten;Flaeche
1.1.2012;43001-1050;;[Nutzungsart nach RitN] Obstplantage;Flaeche
1.1.2012;43001-1051;;[Nutzungsart nach RitN] Obstbaumanlage, -plantage;Flaeche
1.1.2012;43001-1052;;[Nutzungsart nach RitN] Obststrauchanlage, -plantage;Flaeche
1.1.2012;43001-1200;;[Nutzungsart nach RitN] Brachland;Flaeche
1.1.2012;43002-0000;;[Nutzungsart nach RitN] Wald;Flaeche
1.1.2012;43002-1100;;[Nutzungsart nach RitN] Laubholz (-wald, -gehoelz);Flaeche
1.1.2012;43002-1200;;[Nutzungsart nach RitN] Nadelholz, -wald, -gehoelz;Flaeche
1.1.2012;43002-1300;;[Nutzungsart nach RitN] Laub- und Nadelholz, Mischwald;Flaeche
1.1.2012;43003-0000;;[Nutzungsart nach RitN] Gehoelz;Flaeche
1.1.2012;43004-0000;;[Nutzungsart nach RitN] Heide;Flaeche
1.1.2012;43005-0000;;[Nutzungsart nach RitN] Moor;Flaeche
1.1.2012;43006-0000;;[Nutzungsart nach RitN] Sumpf;Flaeche
1.1.2012;43007-0000;;[Nutzungsart nach RitN] Unland, Vegetationslose Flaeche;Flaeche
1.1.2012;43007-1010;;[Nutzungsart nach RitN] Vegetationslose Flaeche Fels;Flaeche
1.1.2012;43007-1040;;[Nutzungsart nach RitN] Vegetationslose Flaeche Sand;Flaeche
1.1.2012;43007-1100;;[Nutzungsart nach RitN] Gewaesserbegleitflaeche;Flaeche
1.1.2012;44001-0000;;[Nutzungsart nach RitN] Fließgewaesser;Flaeche
1.1.2012;44001-8200;;[Nutzungsart nach RitN] Fluss;Flaeche
1.1.2012;44001-8210;;[Nutzungsart nach RitN] Altwasser;Flaeche
1.1.2012;44001-8220;;[Nutzungsart nach RitN] Altarm;Flaeche
1.1.2012;44001-8300;;[Nutzungsart nach RitN] Kanal;Flaeche
1.1.2012;44001-8400;;[Nutzungsart nach RitN] Graben;Flaeche
1.1.2012;44001-8500;;[Nutzungsart nach RitN] Bach;Flaeche
1.1.2012;44005-0000;;[Nutzungsart nach RitN] Hafenbecken;Flaeche
1.1.2012;44005-8810;;[Nutzungsart nach RitN] Sportboothafenbecken;Flaeche
1.1.2012;44006-0000;;[Nutzungsart nach RitN] Stehendes Gewaesser;Flaeche
1.1.2012;44006-8610;;[Nutzungsart nach RitN] See;Flaeche
1.1.2012;44006-8620;;[Nutzungsart nach RitN] Teich;Flaeche
1.1.2012;44006-8630;;[Nutzungsart nach RitN] Stausee;Flaeche
1.1.2012;44006-8631;;[Nutzungsart nach RitN] Speicherbecken;Flaeche
1.1.2012;44006-8640;;[Nutzungsart nach RitN] Baggersee;Flaeche
1.1.2012;44007-0000;;[Nutzungsart nach RitN] Meer;Flaeche
1.1.2012;51001-0000;;[Turm] Turm;Flaeche
1.1.2012;51001-1001;;[Turm] Wasserturm;Flaeche
1.1.2012;51001-1003;;[Turm] Aussichtsturm;Flaeche
1.1.2012;51001-1005;;[Turm] Kuehlturm;Flaeche
1.1.2012;51001-1008;;[Turm] Sende-, Funk-, Fernmeldeturm;Flaeche
1.1.2012;51002-0000;;[BauwerkOderAnlageFuerIndustrieUndGewerbe] Bauwerk oder Anlage fuer Industrie und Gewerbe, allgemein;Flaeche
1.1.2012;51002-1210;;[BauwerkOderAnlageFuerIndustrieUndGewerbe] Klaerbecken;Flaeche
1.1.2012;51002-1215;;[BauwerkOderAnlageFuerIndustrieUndGewerbe] Biogasanlage;Flaeche
1.1.2012;51002-1220;;[BauwerkOderAnlageFuerIndustrieUndGewerbe] Windrad, -motor;Flaeche
1.1.2012;51002-1250;;[BauwerkOderAnlageFuerIndustrieUndGewerbe] Mast;Flaeche
1.1.2012;51002-1260;;[BauwerkOderAnlageFuerIndustrieUndGewerbe] Funkmast;Flaeche
1.1.2012;51002-1270;;[BauwerkOderAnlageFuerIndustrieUndGewerbe] Antenne;Flaeche
1.1.2012;51003-0000;;[VorratsbehaelterSpeicherbauwerk] Vorratsbehaelter, Speicherbauwerk, allgemein;Flaeche
1.1.2012;51003-1201;;[VorratsbehaelterSpeicherbauwerk] Silo;Flaeche
1.1.2012;51004-1100;;[Transportanlage] Transportanlage, Rohrleitung, Pipeline;Flaeche
1.1.2012;51005-0000;;[Leitung] Leitung;Flaeche
1.1.2012;51005-1110;;[LPO] Freileitung;Linie
1.1.2012;51006-0000;;[BauwerkOderAnlageFuerSportFreizeitUndErholung] Bauwerk oder Anlage fuer Sport, Freizeit und Erholung, allgemein;Flaeche
1.1.2012;51006-1410;;[BauwerkOderAnlageFuerSportFreizeitUndErholung] Spielfeld;Flaeche
1.1.2012;51006-1440;;[BauwerkOderAnlageFuerSportFreizeitUndErholung] Stadion;Flaeche
1.1.2012;51009-0000;;[SonstigesBauwerkOderSonstigeEinrichtung] Sonstiges Bauwerk oder sonstige Einrichtung, allgemein;Flaeche
1.1.2012;51009-1610;;[SonstigesBauwerkOderSonstigeEinrichtung] Ueberdachung;Flaeche
1.1.2012;51009-1781;;[SonstigesBauwerkOderSonstigeEinrichtung] Brunnen (Trinkwasserversorgung);Flaeche
1.1.2012;51011-0000;;[BesondererBauwerkspunkt] Besonderer Bauwerkspunkt;Punkt
1.1.2012;53001-0000;;[BauwerkImVerkehrsbereich] Bruecke, Widerlager;Linie
1.1.2012;53001-1900;;[BauwerkImVerkehrsbereich] Durchfahrt;Flaeche
1.1.2012;53005-2300;;[SeilbahnSchwebebahn] Sessellift;Linie
1.1.2012;53005-2400;;[SeilbahnSchwebebahn] Skilift, -aufzug, Schlepplift;Linie
1.1.2012;53009-2020;;[BauwerkImGewaesserbereich] Rueckhaltebecken;Flaeche
1.1.2012;53009-2020;;[BauwerkImGewaesserbereich] Rueckhaltebecken;Linie
1.1.2012;71003-1310;;[KlassifizierungNachWasserrecht] Gewaesser I. Ordnung (Bundeswasserstraße);Flaeche
1.1.2012;71003-1320;;[KlassifizierungNachWasserrecht] Gewaesser I. Ordnung - nach Landesrecht;Flaeche
1.1.2012;71003-1330;;[KlassifizierungNachWasserrecht] Gewaesser II. Ordnung;Flaeche
1.1.2012;71003-1340;;[KlassifizierungNachWasserrecht] Gewaesser III. Ordnung;Flaeche
1.1.2012;71004-1441;2.7.5.1;[AndereFestlegungNachWasserrecht] Festgesetztes Ueberschwemmungsgebiet (Flaeche);Flaeche
1.1.2012;71005-0000;;[SchutzgebietNachWasserrecht] Schutzgebiet nach Wasserrecht, allgemein;Flaeche
1.1.2012;71005-1510;;[SchutzgebietNachWasserrecht] Wasserschutzgebiet;Flaeche
1.1.2012;71005-1520;2.7.5.8;[SchutzgebietNachWasserrecht] Heilquellenschutzgebiet;Flaeche
1.1.2012;71006-1610;;[NaturUmweltOderBodenschutzrecht] Schutzflaeche nach Europarecht;Flaeche
1.1.2012;71006-1611;;[NaturUmweltOderBodenschutzrecht] Flora-Fauna-Habitat-Gebiet;Flaeche
1.1.2012;71006-1612;;[NaturUmweltOderBodenschutzrecht] Vogelschutzgebiet;Flaeche
1.1.2012;71006-1621;2.7.5.4;[NaturUmweltOderBodenschutzrecht] Naturschutzgebiet;Flaeche
1.1.2012;71006-1622;2.7.5.5;[NaturUmweltOderBodenschutzrecht] Geschuetzter Landschaftsbestandteil, Landschaftsschutzgebiet;Flaeche
1.1.2012;71006-1632;;[NaturUmweltOderBodenschutzrecht] Schaedliche Bodenveraenderung;Flaeche
1.1.2012;71006-1634;2.7.5.12;[NaturUmweltOderBodenschutzrecht] Altlast;Flaeche
1.1.2012;71006-1641;;[NaturUmweltOderBodenschutzrecht] Belastungsgebiet;Flaeche
1.1.2012;71006-1642;;[NaturUmweltOderBodenschutzrecht] Schutzbeduerftiges Gebiet;Flaeche
1.1.2012;71006-1653;;[NaturUmweltOderBodenschutzrecht] Naturdenkmal;Flaeche
1.1.2012;71006-1655;;[NaturUmweltOderBodenschutzrecht] Vorkaufsrecht;Flaeche
1.1.2012;71006-1656;;[NaturUmweltOderBodenschutzrecht] Ausgleichs- oder Kompensationsflaeche;Flaeche
1.1.2012;71006-1662;;[NaturUmweltOderBodenschutzrecht] Bodenschutzgebiet;Flaeche
1.1.2012;71008-1750;2.7.5.16;[BauRaumOderBodenordnungsrecht] Umlegung nach dem BauGB;Flaeche
1.1.2012;71008-1760;;[BauRaumOderBodenordnungsrecht] Bauland;Flaeche
1.1.2012;71008-1840;2.7.5.17;[BauRaumOderBodenordnungsrecht] Sanierungsverfahren;Flaeche
1.1.2012;71008-2100;2.7.5.15;[BauRaumOderBodenordnungsrecht] Flurbereinigungsverfahren;Flaeche
1.1.2012;71008-2110;;[BauRaumOderBodenordnungsrecht] Flurbereinigung (Par. 1, 37 FlurbG);Flaeche
1.1.2012;71008-2130;;[BauRaumOderBodenordnungsrecht] Unternehmensflurbereinigung (nach Par. 87 oder 90 FlurbG);Flaeche
1.1.2012;71008-2140;;[BauRaumOderBodenordnungsrecht] Beschleunigtes Zusammenlegungsverfahren (Par. 91 FlurbG);Flaeche
1.1.2012;71008-2150;;[BauRaumOderBodenordnungsrecht] Freiwilliger Landtausch (Par. 103a FlurbG);Flaeche
1.1.2012;71008-2610;;[BauRaumOderBodenordnungsrecht] Baulast;Flaeche
1.1.2012;71009-2700;;[Denkmalschutzrecht] Kulturdenkmal;Flaeche
1.1.2012;71009-2910;2.7.5.10;[Denkmalschutzrecht] Denkmalzone oder -bereich;Flaeche
1.1.2012;71009-2930;2.7.5.11;[Denkmalschutzrecht] Grabungsschutzgebiet;Flaeche
1.1.2012;71011-4610;;[SonstigesRecht] Uebergabebescheidverfahren;Flaeche
1.1.2012;71011-4720;;[SonstigesRecht] Truppen-, Standortuebungsplatz;Flaeche
1.1.2012;71011-7000;;[SonstigesRecht] Weinlage;Flaeche;
1.1.2012;71011-7100;;[SonstigesRecht] Weinbausteillage;Flaeche;
1.1.2012;71011-7300;;[SonstigesRecht] Weinbausteilstlage;Flaeche;
1.1.2012;71011-8000;;[SonstigesRecht] Benachteiligtes landwirtschaftliches Gebiet;Flaeche;
1.1.2012;71011-9999;;[SonstigesRecht] sonstige Flaeche;Flaeche;
1.1.2012;71012-1010;;[Schutzzone] Schutzgebiet nach Wasserrecht, Zone I;Flaeche;
1.1.2012;71012-1020;;[Schutzzone] Schutzgebiet nach Wasserrecht, Zone II;Flaeche;
1.1.2012;71012-1030;;[Schutzzone] Schutzgebiet nach Wasserrecht, Zone III;Flaeche;
1.1.2012;71012-1040;;[Schutzzone] Schutzgebiet nach Wasserrecht, Zone IV;Flaeche;
1.1.2012;9071-7073;;[PTO] Beschriftung: Hausnummer;Text;
1.1.2012;9072-7045;;[PTO] Beschriftung der Grenzlinie mit oefftl.-rechtl. Festsetzungen;Text;
1.1.2012;9074-7035;;[PTO] Beschriftung: Gebaeudebezeichnung, -nutzung, -name;Text;
1.1.2012;9101-7079;;[PTO] Beschriftung: Flaechenfunktion, Lager-, Foerder-, Abbaugut;Text;
1.1.2012;9103-7071;;[PTO] Beschriftung: Flurstuecksnummer;Text;
1.1.2012;9104-7035;;[PTO] Beschriftung: Topographie, Straßenname, -bezeichnung;Text;
1.1.2012;9104-7040;;[PTO] Beschriftung: Gewaesserfunktion, - name;Text;
1.1.2012;9141-7079;;[PTO] Beschriftung: Nutzungsartenangabe, -bezeichnung, Flaechen- und Bauwerksfunktion, Eigenname von Strassen, Bahnen, usw.;Text;
1.1.2012;9142-7045;;[PTO] Beschriftung der Flaechen mit oefftl.-rechtl. Festsetzungen;Text;
1.1.2012;9145-7040;;[PTO] Beschriftung der Flaechen mit oefftl.-rechtl. Festsetzungen als Wasser-, Heilquellenschutzgebiete;Text;
1.1.2012;9202-7076;;[PTO] Beschriftung: Katasterbezeichnung, -name, Gemarkungsname, Wohnplatz-, Gemeindename ;Text;
1.1.2012;9204-7076;;[PTO] Beschriftung: Gewannename, - bezeichnung, Lagebezeichnung;Text;
1.1.2012;9245-7040;;[PTO] Beschriftung der Grenzlinie mit oefftl.-rechtl. Festsetzungen als Wasser-, Heilquellenschutzgebiete;Text;
1.1.2012;0353.0000;2.2.8;Zaun, topographisch bedeutend, gemeinschaftlich;Linie;
1.1.2012;0351.0000;2.2.11;Hecke,  beidseitig;Linie;
1.1.2012;AUSA.7000;;AUSA-Kabel;Linie;
1.1.2012;AUSA.7001;;Pluslaenge im AUSA-Kabel (Anfang bzw. Ende);Punkt;
1.1.2012;AUSA.7002;;Pupinspule, -nkastenmuffe im AUSA-Kabel;Punkt;
1.1.2012;AUSA.7003;;Regelmuffe im AUSA-Kabel;Punkt;
1.1.2012;AUSA.7004;;Verbindungsmuffe im AUSA-Kabel;Punkt;
1.1.2012;AUSA.7005;;Abzweigmuffe im AUSA-Kabel;Punkt;
1.1.2012;AUSA.7006;;Co-, Kondensator-Muffe im AUSA-Kabel;Punkt;
1.1.2012;R2310-3413;;[PPO] Gruenanlage, Gruenland (Nutzungsarten-Gruppensymbol);Punkt;
1.1.2012;R2310-3415;;[PPO] Park, Parkanlage (Nutzungsarten-Gruppensymbol);Punkt
1.1.2012;R2310-3421;;[PPO] Garten, Gartenland (Nutzungsarten-Gruppensymbol);Punkt
1.1.2012;R2310-3440;;[PPO] Streuobstacker (Nutzungsarten-Gruppensymbol);Punkt
1.1.2012;R2310-3441;;[PPO] Streuobstwiese (Nutzungsarten-Gruppensymbol);Punkt
1.1.2012;R2310-3442;;[PPO] Hopfen (Nutzungsarten-Gruppensymbol);Punkt
1.1.2012;R2310-3444;;[PPO] Spargel (Nutzungsarten-Gruppensymbol);Punkt
1.1.2012;R2310-3446;2.2.7.8;[PPO] Baumschule (Nutzungsarten-Gruppensymbol);Punkt
1.1.2012;R2310-3448;;[PPO] Weingarten (Nutzungsarten-Gruppensymbol);Punkt
1.1.2012;R2310-3450;;[PPO] Obstplantage (Nutzungsarten-Gruppensymbol);Punkt
1.1.2012;R2310-3452;;[PPO] Obstbaumplantage (Nutzungsarten-Gruppensymbol);Punkt
1.1.2012;R2310-3454;;[PPO] Obststrauchplantage (Nutzungsarten-Gruppensymbol);Punkt
1.1.2012;R2310-3456;;[PPO] Wald - allgemein (Nutzungsarten-Gruppensymbol);Punkt
1.1.2012;R2310-3458;;[PPO] Laubwald (Nutzungsarten-Gruppensymbol);Punkt
1.1.2012;R2310-3460;;[PPO] Nadelwald (Nutzungsarten-Gruppensymbol);Punkt
1.1.2012;R2310-3462;;[PPO] Laub- und Nadelholz, Mischwald (Nutzungsarten-Gruppensymbol);Punkt
1.1.2012;R2310-3470;;[PPO] Gehoelz (Nutzungsarten-Gruppensymbol);Punkt
1.1.2012;R2310-3474;;[PPO] Heide (Nutzungsarten-Gruppensymbol);Punkt;
1.1.2012;R2310-3476;;[PPO] Moor (Nutzungsarten-Gruppensymbol);Punkt;
1.1.2012;R2310-3478;;[PPO] Sumpf (Nutzungsarten-Gruppensymbol);Punkt;
1.1.2012;R2310-3480;;[PPO] Vegetationslose Flaeche: Unland (Nutzungsarten-Gruppensymbol);Punkt;
1.1.2012;R2310-3481;;[PPO] Vegetationslose Flaeche: Fels (Nutzungsarten-Gruppensymbol);Punkt;
1.1.2012;R2310-3484;;[PPO] Vegetationslose Flaeche: Sand (Nutzungsarten-Gruppensymbol);Punkt;
1.1.2012;R2310-3490;;[PPO] (Sportboot-)hafenbecken, stehendes Gewaesser wie See, Teich usw. (Nutzungsarten-Gruppensymbol);Punkt;
1.1.2012;R2310-3521;2.5.6.5;"[PPO] Umformer, Transformator (Gebaeude und Bauwerk) ""Blitz""-Symbol";Punkt;
1.1.2012;R351.0000;2.2.11;Hecke, einseitig (Begleitsignatur in Aufnahmerichtung: rechts);Linie;
1.1.2012;R352.0000;2.2.9;Mauer, einseitig (Begleitsignatur in Aufnahmerichtung: rechts);Linie;
1.1.2012;R353.0000;2.2.8;Zaun, einseitig (Begleitsignatur in Aufnahmerichtung: rechts);Linie;
1.1.2012;R462.0000;2.2.5;Steilrand  (Begleitsignatur in Aufnahmerichtung: rechts);Linie;
18.1.2012;R836.0000;2.3.9.4;Pfahlwand, Holzbollwerk  (Begleitsignatur in Aufnahmerichtung: rechts);Linie;
;RE85.0001;;Fahrbahn;Flaeche;
;RE85.0002;;Bankett;Flaeche;
;RE85.0003;;Dammboeschung;Flaeche;
;RE85.0004;;Einschnittsboeschung;Flaeche;
;RE85.0005;;Insel gepflastert;Flaeche;
;RE85.0006;;Stuetzwand, Widerlager;Flaeche;
;RE85.0007;;geplanter Gebaeudeabbruch;Flaeche;
;RE85.0008;;Gewaesser mit Fließrichtung;Flaeche;
;RE85.0009;;Gehweg;Flaeche;
;RE85.0010;;Zufahrt;Flaeche;
;RE85.0011;;Wirtschaftsweg;Flaeche;
;RE85.0012;;Grunderwerb - fuer den Straßenbau voruebergehend benoetigte Flaeche;Flaeche;
;RE85.0013;;Grunderwerb - dauernd zu beschraenkende Flaeche;Flaeche;
;RE85.0014;;Grunderwerb - Restflaeche;Flaeche;
;RE85.0015;;Trennstreifen;Flaeche;
;RE85.0016;;Radweg;Flaeche;
;RE85.0017;;Geh- / Radweg;Flaeche;
;RE85.0019;;Aufschuettung;Flaeche;
;RE85.0020;;Abgrabung;Flaeche;
;RE85.0021;;Laermschutzwall;Flaeche;
;RE85.0022;;Laermschutzwand;Flaeche;
;RE85.0023;;Gewaesser ohne Fließrichtung;Flaeche;
;RE85.0024;;Grunderwerb - fuer den Straßenbau zu erwerbende Flaeche;Flaeche;
