Datum;Fachbedeutung;RAS-Verm;Bezeichnung;Symbolart;Landescode;;
20.09.02;#211.G001;;TP (Hochpunkt);Punkt;E01;;
20.09.02;#211.G002;;TP (Bodenpunkt);Punkt;E24;;
20.09.02;#211.G003;;TP (Exzentrum oberirdisch);Punkt;E25;;
20.09.02;#211.G004;;TP (Exzentrum unterirdisch);Punkt;E26;;
20.09.02;#216.G001;;Höhenmarke;Punkt;E29;;
10.09.02;#237.1001;;Luftverkehr;Linie;H51;;
22.07.03;#239.3001;;Linienpunkt Stirnwand;Punkt;55;;
24.06.02;#239.3001;;Stirnwand;Linie;68;;
;#241.3001;;Hochhaus;Linie;0;;
;#241.3003;;öffentliches Gebäude;Linie;0;;
25.06.02;#241.3021;;Ruine, abgängiges Gebäude;Punkt;0;;
07.10.02;#244.E001;;Wohnhaus;Linie;1;;
07.10.02;#244.E002;;Wirtschaftsgebäude;Linie;1;;
19.04.04;#245.6002;;Geländer;Punkt;0;;
27.10.03;#254.1003;;Fundament;Linie;F27;;
27.06.02;#264.3001;;Sonstiges Grenz- bzw. Kennzeichen;Punkt;I59;
25.10.01;0039.0000;1.4.2;Nordpfeil;Punkt;M51;
16.09.02;0111.E001;;Grenzmarke gemessen;Linie;1;
07.10.02;0111.E002;;Grenzmarke digitalisiert;Punkt;C11;
19.09.02;0111.G002;;Grenzmarken an Staats-, Landesgrenze;Punkt;C01;
20.06.03;0114.0000;2.7.4.5;Jagenstein, Abteilungsstein;Punkt;G35;
07.08.02;0114.F001;;Jagenstein, Abteilungsstein;Punkt;G21;
12.09.02;0118.5001;;Grenzpunkt;Punkt;C14;
02.09.02;0119.7001;;"Grenzpunkt; nicht abgemarkt";Punkt;C16;
25.10.01;0121.0000;2.1.2;Polygonpunkt;Punkt;E27;
25.10.01;0121.0000;2.1.2;Polygonpunkt;Text;1;
06.06.03;0122.0000;2.1.2;Aufnahmepunkt;Punkt;E02;
25.10.01;0122.0000;2.1.2;Aufnahmepunkt;Text;1;
20.09.02;0122.G002;;Polygonpunkt;Punkt;E27;
20.09.02;0122.G003;;Polygonpunkt Straßenbauverwaltung;Punkt;E28;
25.10.01;0123.0000;2.1.4;Kleinpunkt  (vermarkt), Punkt in Messungslinie;Punkt;E04;
25.10.01;0123.0000;2.1.4;Kleinpunkt  (vermarkt), Punkt in Messungslinie;Text;1
25.10.01;0126.0000;2.1.3;Beobachtungspfeiler der Straßenbauverwaltung;Punkt;E03
06.06.03;0126.0000;2.1.3;Beobachtungspfeiler der Straßenbauverwaltung;Text;1
25.10.01;0127.0000;2.1.2;Polygonpunkt der Straßenbauverwaltung;Punkt;E28
25.10.01;0127.0000;2.1.2;Polygonpunkt der Straßenbauverwaltung;Text;1
10.09.02;0131.1001;;Grenzmauer rechts;Linie;24
25.10.01;0141.0000;2.1.6.1;Pfeilerbolzen;Punkt;E05
25.10.01;0141.0000;2.1.6.1;Pfeilerbolzen;Text;1
18.06.02;0142.0000;2.1.6.2;Mauerbolzen;Punkt;E06
18.06.02;0142.0000;2.1.6.2;Mauerbolzen;Text;1
25.10.01;0144.0000;2.1.6.3;Höhenmarke;Punkt;E29
25.10.01;0144.0000;2.1.6.3;Höhenmarke;Text;1
25.10.01;0147.0000;2.1.6.4;HP = PP;Punkt;E07
25.10.01;0147.0000;2.1.6.4;HP = PP;Text;1
25.10.01;0161.0000;2.1.1;Hochpunkt;Punkt;E01
25.10.01;0162.0000;2.1.1;Bodenpunkt;Punkt;E24
25.10.01;0164.0000;2.1.1;Exzentrum (oberirdisch);Punkt;E25
25.10.01;0165.0000;2.1.1;Exzentrum (unterirdisch);Punkt;E26
27.10.03;0211.1001;;Staatsgrenze;Linie;07
27.10.03;0213.1001;;Regierungsbezirksgrenze;Linie;09
27.10.03;0214.1001;;Kreisgrenze;Linie;10
27.10.03;0215.1001;;Gemeindegrenze;Linie;11
27.10.03;0231.1001;;Gemarkungsgrenze;Linie;12
03.03.03;0232.0000;3.1.6;Flurnummer;Text;1
03.03.03;0233.0000;3.1.7;Flurstücksnummer;Text;1
03.03.03;0234.0000;3.1.8;Flurstücksnummer in besonderer Darstellung;Text;1
03.02.04;0241.0000;2.2.7.34;Nutzungsartengrenze;Linie;15
30.10.03;0241.0000;2.2.7.34;Nutzungsartengrenze;Flaeche;0
26.08.02;0248.F001;;Flurstücksgrenze, Wasser;Linie;I36
25.10.01;0251.0000;2.2.6;Topographische   (Begrenzungs-) Linie;Linie;H15
25.10.01;0252.0000;2.2.6.1;Überdeckte topographische (Begrenzungs-) Linie;Linie;H16
20.06.03;0265.0000;2.6.1.11;Bauamtsgrenze;Linie;I37
20.06.03;0266.0000;2.6.1.12;Meistereigrenze;Linie;71
25.10.01;0286.0000;2.7.5.15;Flurbereinigungsverfahren (Grenze);Linie;I72
25.10.01;0287.0000;2.7.5.16;Umlegungsverfahren (Grenze);Linie;I73
25.10.01;0288.0000;2.7.5.17;Sanierungsverfahren (Grenze);Linie;I74
25.10.01;0289.0000;2.7.5.18;Andere öffentlichrechtliche Grenze;Linie;I75
25.10.01;0289.0000;2.7.5.18;Andere öffentlichrechtliche Grenze;Text;I76
21.07.03;0289.3001;;Schutzgebiete;Linie;I77
;0289.3001;;Linienpunkt Schutzgebiete;Punkt;1
26.08.02;0291.F001;;Zugehörigkeitshaken;Punkt;C06
27.06.02;0292.3001;;Zuordnungspfeil;Punkt;C31
24.07.03;0312.0000;;Grenzzaun;Flaeche;I42
16.09.02;0313.E001;;Grenzmauer;Linie;I45
25.10.01;0315.0000;2.6.4.6;Grenzwall ohne Bewachsung;Linie;I50
25.10.01;0316.0000;2.6.4.7;Grenzwall mit Bewachsung;Linie;I53
25.10.01;0317.0000;2.6.4.8;Grenzrain;Linie;I55
26.08.02;0317.F001;;Grenzrain, einseitig;Linie;I55
25.10.01;0318.0000;2.6.4.9;Wasserführender Grenzgraben;Linie;I57
26.08.02;0318.F001;;Wasserführender Grenzgraben > 1 mm , einseitig;Linie;I57
26.08.02;0318.F002;;Wasserführender Grenzgraben < 1 mm , einseitig;Linie;I58
27.10.03;0319.0000;2.6.4.10;Trockener Grenzgraben;Linie;I58
25.10.01;0323.0000;2.6.4.5;Spundmauer als Grenzeinrichtung;Linie;I48
27.06.02;0329.0000;2.6.4.11;Trennstrich für überspringende Grenzeinrichtung;Punkt;I59
25.10.01;0351.0000;2.2.11;Hecke,  topographisch bedeutend;Linie;46
25.10.01;0352.0000;2.2.9;Mauer,  topographisch bedeutend;Linie;45
25.10.01;0353.0000;2.2.8;Zaun,  topographisch bedeutend;Linie;H18
01.08.02;0356.3001;;Linienpunkt Hecktor;Punkt;G25
25.10.01;0411.0000;2.2.3.1;Höhenlinie - 20 Meter;Linie;H07
25.10.01;0411.0000;2.2.3.1;Höhenlinie - 20 Meter;Text;1
25.10.01;0411.0001;;Höhenlinie - 50 Meter;Linie;H07
25.10.01;0411.0001;;Höhenlinie - 50 Meter;Text;1
25.10.01;0411.0002;;Höhenlinie - 100 Meter;Linie;H07
25.10.01;0411.0002;;Höhenlinie - 100 Meter;Text;1
25.10.01;0412.0000;2.2.3.2;Höhenlinie - 10 Meter;Linie;H08;
25.10.01;0412.0000;2.2.3.2;Höhenlinie - 10 Meter;Text;1;
06.06.03;0413.0000;2.2.3.3;Höhenlinie - 5 Meter;Linie;H09;
25.10.01;0413.0000;2.2.3.3;Höhenlinie - 5 Meter;Text;1;
06.06.03;0414.0000;2.2.3.4;Höhenlinie - 2,5 Meter;Linie;H10;
25.10.01;0414.0000;2.2.3.4;Höhenlinie - 2,5 Meter;Text;1;
06.06.03;0415.0000;2.2.3.5;Höhenlinie - 1 Meter;Linie;H11;
25.10.01;0415.0000;2.2.3.5;Höhenlinie - 1 Meter;Text;1;
06.06.03;0416.0000;2.2.3.6;Höhenlinie - 0,5/0.25 Meter;Linie;H12;
25.10.01;0416.0000;2.2.3.6;Höhenlinie - 0,5/0.25 Meter;Text;1;
23.10.03;0427.0000;2.2.3.7;Höhenlinie - unsicher;Linie;H12;
04.07.03;0427.0001;;Neigungrichtung;Punkt;M08;
25.10.01;0431.0000;2.2.2.1;Höhenpunkt mit Höhenzahl;Punkt;B50;
;0431.0001;2.2.2.1;Höhenpunkt mit Höhenzahl;Text;1;
18.07.03;0435.0000;2.2.2.2;Einzelhöhe;Punkt;B51;
09.12.03;0435.0001;2.2.2.2;Einzelhöhe;Text;1;
09.12.03;0441.0000;2.2.4;Fels;Linie;0
06.06.03;0462.0000;2.2.5;Steilrand;Linie;H14
19.06.02;0463.0000;2.2.1.8;Befestigte Böschung;Linie;1
28.10.03;0473.0000;2.2.10;Futtermauer, Stützmauer;Linie;44
19.04.04;0473.0001;2.3.11.3;Stützmauer;Linie;D44
24.10.03;0473.1003;;Stützmauer;Linie;0
;0473.1004;;Stützmauer, links;Linie;53
22.07.03;0474.0000;;Spundwand;Punkt;H54
19.06.02;0481.0000;2.2.1.1;Deutliche Böschungsoberkante;Linie;H01
19.06.02;0482.0000;2.2.1.3;Undeutliche Böschungsoberkante;Linie;H03
19.06.02;0484.0000;2.2.1.2;Deutliche Böschungsunterkante;Linie;H02
19.06.02;0485.0000;2.2.1.4;Undeutliche Böschungsunterkante;Linie;H04
19.06.02;0486.0000;2.2.1.6;Böschung (Schraffen);Linie;1
23.10.03;0487.0000;2.2.1.7;Angedeutete Böschungsrichtung erfasst;Linie;1
23.10.03;0487.0001;;Angedeutete Böschungsrichtung nicht erfasst;Linie;1
19.06.02;0492.0000;2.2.1.5;Böschungshöhe;Text;1
03.03.03;0617.0000;3.1.3;Stadtbezirk;Text;1
03.03.03;0618.0000;3.1.4;Gemarkungsname;Text;1
03.03.03;0646.0000;3.1.5;Gewannbezeichnung Lagebezeichnung;Text;1
25.10.01;0719.0000;1.4.1;Gitterkreuz;Punkt;M50
25.10.01;0719.0000;1.4.1;Gitternetzlinien;Linie;0
25.10.01;0719.0001;;Schneiderahmen / Faltmarkierung;Linie;0
25.10.01;0719.0002;;Heftrand;Linie;0
25.10.01;0719.0003;;Koordinatenrahmen;Linie;0
25.10.01;0719.0004;;Innenrahmen;Linie;0
25.10.01;0719.0005;;Gitternetzbeschriftung;Text;1
25.10.01;0719.0006;;Eckpunktbeschriftung;Text;1
25.10.01;0719.0007;;Information im Schneiderahmen;Text;1
03.03.03;0733.0000;3.2.10;Richtungshinweise im Kartenrahmen;Text;1
25.10.01;1000.0000;2.2.7.17;Gebäude- und Freifläche;Punkt;B29
25.10.01;1000.0000;2.2.7.17;Gebäude- und Freifläche;Text;1
25.10.01;1000.0000;2.2.7.17;Gebäude- und Freifläche;Flaeche;0
;1013.F002;;Wirtschaftsgebäude;Linie;0
27.10.03;1019.0000;2.4.4.8;Gebäudeverbindungsgang;Linie;1
25.10.01;1019.0000;2.4.4.8;Gebäudeverbindungsgang;Text;A07
25.10.01;1042.0000;2.4.4.3;Durchfahrt an überbauten Verkehrsstraßen;Linie;1
25.06.02;1043.0000;2.4.4.5;Arkaden;Linie;H72
25.06.02;1043.0000;2.4.4.5;Arkaden;Text;1
11.09.02;1044.C001;;Steigpfeil;Punkt;H76
09.09.02;1045.6001;;Überdachung;Punkt;H69
25.06.02;1046.0000;2.4.4.6;Aufgeständertes Haus;Linie;1
25.06.02;1047.0000;2.4.4.4;Auskragende Geschosse;Linie;H71
25.06.02;1047.0000;2.4.4.4;Auskragende Geschosse;Text;1
10.09.02;1048.1001;;Geländer;Linie;H77
25.06.02;1049.0000;2.4.4.9;Rampe;Linie;0
25.06.02;1049.0000;2.4.4.9;Rampe;Text;1
07.10.02;1049.E001;;Laderampe;Linie;H75
27.10.03;1055.1001;;Höhe Unterkante;Punkt;D46
02.09.02;1055.7001;;Symbol Höhe Unterkante Bauwerk;Punkt;1
26.04.04;1056.7001;;Höhenpunkt an Gebäuden;Punkt;1
07.04.04;1056.F001;;Firsthöhe;Punkt;1
25.10.01;1062.0000;2.4.3.3;Raster für Gebäude;Flaeche;0
25.06.02;1071.0000;2.4.2.3;Kennzeichnung der Dachformen;Text;1
23.07.03;1071.0000;;Kennzeichnung der Dachformen;Punkt;1
;1071.0000;;Kennzeichnung der Dachformen;Linie;1
03.03.03;1112.0000;2.4.4;Gebäude;Text;0
19.09.02;1141.G001;;Christliche Kirche;Punkt;1
25.10.01;1142.0000;2.4.6.2;Synagoge;Text;A01
19.09.02;1142.G001;;Synagoge;Punkt;1
27.10.03;1143.0000;2.4.6.3;Kapelle;Punkt;A02
19.09.02;1143.G001;;Kapelle;Punkt;1
25.10.01;1194.0000;2.4.6.4;U - Bahnhof;Text;A03
18.06.03;1195.0000;2.4.6.5;S - Bahnhof;Punkt;A04
25.10.01;1195.0000;2.4.6.5;S - Bahnhof;Text;1
16.09.02;1208.E002;;Einfahrt;Linie;A08
27.10.03;1209.1001;;Grundstückszugang;Punkt;A09
27.08.02;1475.F001;;Parkplatz mit Kiosk/WC;Punkt;F65
03.03.03;1721.0000;2.4.4;Werkstatt;Text;1
21.07.03;1771.3001;;Bergwerk;Punkt;G13
23.09.03;1772.G001;;Bergwerk, außer Betrieb;Punkt;G14
18.06.03;2361.0000;2.4.6.6;Parkhaus;Punkt;A05
27.08.02;2361.F001;;Parkhaus;Punkt;1
18.06.03;2362.0000;2.4.6.7;Parkdeck;Punkt;A06
19.09.02;2363.G002;;Tiefgarage;Punkt;A10
20.06.03;2369.0000;2.5.9.8;Parken und WC;Punkt;F63
27.10.03;2369.1001;;Parken und WC;Punkt;F64
20.06.03;2372.0000;2.7.4.8;Parkscheinautomat;Punkt;1
28.10.03;2372.1001;;Parkscheinautomat;Punkt;G37
07.10.02;2372.E001;;Parkscheinautomat;Punkt;G23
17.09.02;2513.E001;;Pumpe;Punkt;F34
03.03.03;2612.0000;2.4.4;Wasserklosett;Text;1
03.03.03;2721.0000;2.4.4;Scheune;Text;1
03.03.03;2723.0000;2.4.4;Schuppen;Text;1
03.03.03;2724.0000;2.4.4;Stall;Text;1
06.06.03;3141.0000;2.2.7.28;Steinbruch;Punkt;B20
06.06.03;3141.0000;2.2.7.28;Steinbruch;Text;1
06.06.03;3141.0000;2.2.7.28;Steinbruch;Flaeche;0
06.06.03;3151.0000;2.2.7.29;Erztagebau;Punkt;B21
06.06.03;3151.0000;2.2.7.29;Erztagebau;Text;1
06.06.03;3151.0000;2.2.7.29;Erztagebau;Flaeche;0
06.06.03;3161.0000;2.2.7.30;Kohletagebau;Punkt;B22
06.06.03;3161.0000;2.2.7.30;Kohletagebau;Text;1
06.06.03;3161.0000;2.2.7.30;Kohletagebau;Flaeche;0
06.06.03;3171.0000;2.2.7.16;Torfstich;Punkt;B13
25.10.01;3171.0000;2.2.7.16;Torfstich;Text;1
28.01.04;3171.0000;2.2.7.16;Torfstich;Flaeche;0
25.10.01;3181.0000;2.2.7.31;Lavaabbau;Punkt;B36;
25.10.01;3181.0000;2.2.7.31;Lavaabbau;Text;1;
25.10.01;3181.0000;2.2.7.31;Lavaabbau;Flaeche;0;
31.07.02;3191.3001;;Erdölpumpe, Ölförderanlage;Punkt;F54;
27.06.02;3195.3001;;Linienpunkt Umringslinie Erdgasförderstelle;Punkt;F56;
20.06.03;3196.0000;2.7.3.8;Bergbauschacht (eckig);Punkt;G15;
20.06.03;3198.0000;2.7.3.9;Stollenmundloch;Punkt;G15;
02.09.02;3198.7001;;Stollenmundloch, Höhle, Kellereingang im Berg/Fels;Punkt;G16;
26.06.02;3401.3001;;Richtungspfeil an Versorgungsleitungen;Punkt;1;
20.09.02;3401.G001;;Transportrichtungspfeil;Punkt;;
10.09.02;3402.1001;;Leitungen;Linie;1;
10.09.02;3403.1001;;Hauptversorgungsleitung oberirdisch;Linie;1;
17.09.02;3411.E001;;Brunnen;Punkt;F28;
27.08.02;3421.F001;;Leitung, WV, oberirdisch;Linie;I16;
25.10.01;3426.0000;2.5.3.3;Merkstein für Wasserversorgung;Text;F06;
27.08.02;3426.F001;;Merkstein. WV;Punkt;1;
12.09.02;3427.5001;;Hydrant (oberirdisch);Punkt;F30
18.09.02;3428.E001;;Unterflurhydrant;Punkt;F31
25.10.01;3429.0000;2.5.3.1;Schieberkappe -schacht (Wasser);Text;F04
12.09.02;3429.5001;;Wasserschieber;Punkt;F04
18.09.02;3429.E001;;Schieberkappe, Wasser;Punkt;1
20.09.02;3429.G001;;Schieberkappe (Wasser);Punkt;
25.10.01;3433.0000;2.5.1.5;Unterirdische Erdgas-, Heizgasleitung;Linie;I05
20.06.03;3434.0000;2.5.3.6;Merkzeichen für Gasleitung;Punkt;1
25.10.01;3434.0000;2.5.3.6;Merkzeichen für Gasleitung;Text;F09
09.09.02;3434.6001;;Merkzeichen Gas;Punkt;1
25.10.01;3435.0000;2.5.3.2;Schieberkappe -schacht (Gas);Text;F05
12.09.02;3435.5001;;Gasschieber;Punkt;F05
18.09.02;3435.E001;;Schieberkappe Gas;Punkt;1
20.09.02;3435.G001;;Schieberkappe (Gas);Punkt;
07.10.02;3441.E001;;Oberirdische Leitung der Elektrizitätsversorgung;Linie;I18
25.10.01;3443.0000;2.5.3.4;Merkstein für Elektrizitätsversorgung;Text;F07
04.09.02;3443.6001;;Kabelstein;Punkt;1
27.10.03;3444.1001;;Oberirdische Hochspannungsleitung;Punkt;I19
07.10.02;3447.E001;;Trafohaus, Umformer;Punkt;F44
27.08.02;3448.F001;;Elektropfeil;Punkt;F08
27.08.02;3449.F001;;Kabelformstein;Punkt;F52
18.09.02;3451.E001;;Stahlrohrmast;Punkt;F17
18.09.02;3452.E001;;Stahlbetonmast;Punkt;F18
18.09.02;3453.E001;;Stahlgittermast;Punkt;F16
27.10.03;3454.1001;;Stahlgittermast (ohne Leitung);Punkt;F21
02.09.02;3454.7002;;Stahlgittermast  (Telekommunikation);Punkt;F21
20.09.02;3454.G001;;Stahlgittermast (ohne Leitung);Punkt;
07.10.02;3455.E001;;Doppelmast;Punkt;F20
18.09.02;3456.E001;;Holzmast;Punkt;F19
25.10.01;3466.0000;2.5.3.7;Merkzeichen für Rohölleitung;Text;F10
20.06.03;3473.0000;2.5.3.9;Merkstein für Heizungsanlage;Punkt;1
25.10.01;3474.0000;2.5.9.3;Einsteigeschacht für Heizungsanlage (Fernheizung);Text;F55
27.08.02;3474.F001;;Schacht rund, FW;Punkt;1;
27.08.02;3475.F001;;Leitung oberirdisch, FW;Linie;I24;
20.06.03;3477.0000;2.5.3.10;Merkstein für Fernheizleitung;Punkt;F12;
25.10.01;3477.0000;2.5.3.10;Merkstein für Fernheizleitung;Text;F13;
17.09.02;3477.E001;;Merkzeichen für Fernheizung;Punkt;1;
20.09.02;3477.G001;;Merkstein für Fernheizleitung;Punkt;;
07.10.02;3481.E001;;Oberirdische Leitung des Fernmeldewesens;Linie;I25;
20.06.03;3483.0000;2.5.3.11;Merkstein für Fernmeldewesen;Punkt;F13;
25.10.01;3483.0000;2.5.3.11;Merkstein für Fernmeldewesen;Text;F14;
13.09.02;3483.5001;;Merkstein Kabel;Punkt;1;
26.06.02;3484.0000;2.5.8.4;Einsteigeschacht für Fernmeldewesen;Text;F49;
02.09.02;3484.7001;;Einsteigeschacht für Elektrizitätsversorgung (rechteckig);Punkt;1;
27.08.02;3485.F001;;Funkmast;Punkt;F22;
20.09.02;3485.G001;;Funkmast, Funkstelle, Umsetzer;Punkt;F22;
07.10.02;3486.E001;;Telefonzelle;Punkt;F48;
25.10.01;3487.0000;2.5.9.1;Feuermelder;Text;F53;
27.08.02;3487.F001;;Feuermelder;Punkt;1
27.10.03;3488.1001;;Polizeirufsäule;Punkt;F47
27.08.02;3488.F001;;Polizeiruf;Punkt;1
20.06.03;3489.0000;2.5.6.1;Kabelkasten, Schaltkasten;Punkt;1
18.09.02;3489.E002;;Doppelschacht;Punkt;F40
25.10.01;3494.0000;2.5.3.8;Merkzeichen für Produktenfernleitung;Text;1
09.09.02;3494.1001;;Merkzeichen;Punkt;F11
13.09.02;3495.5001;;Windanzeiger;Punkt;F41
25.10.01;3498.0000;2.5.3.12;Schilderpfahl (allg.);Text;F15
12.09.02;3498.5001;;Schildermast;Punkt;1
07.10.02;3504.E002;;Schacht eckig;Punkt;F32
07.10.02;3505.E002;;Straßeneinlauf rund;Punkt;F33
27.08.02;3507.F001;;Schienensinkkasten;Punkt;F35
12.09.02;3508.5001;;Gully (Straßeneinlauf) -> seitlich;Punkt;F61
20.06.03;3512.0000;2.7.4.4;Müllboxenanlage;Punkt;G34
12.09.02;3521.C001;;Schlammfang;Punkt;F36
;3531.5001;;Sickergrube;Punkt;F37
27.10.03;3591.1001;;Benzin-, Ölabscheider;Punkt;F38
07.10.02;3911.E001;;Schornstein;Linie;G12
20.06.03;3921.0000;2.7.3.2;Drehkran;Punkt;G11
20.06.03;3923.0000;2.7.3.3;Laufkran;Punkt;G32
18.07.03;4211.0000;2.2.7.21;Parkanlage (Symbol);Punkt;B15
25.10.01;4211.0000;2.2.7.21;Parkanlage;Flaeche;0
25.10.01;4212.0000;2.2.7.22;Liegewiese;Punkt;B49
28.01.04;4212.0000;2.2.7.22;Liegewiese;Flaeche;0
27.08.02;4216.F001;;Springbrunnen;Punkt;F29
20.06.03;4242.0000;2.3.2.9;Wildschutzzaun;Punkt;D59
25.10.01;4261.0000;2.2.7.40;Klein-, Schrebergarten Laubenkolonie;Punkt;B42
25.10.01;4261.0000;2.2.7.40;Klein-, Schrebergarten Laubenkolonie;Flaeche;0
25.10.01;4281.0000;2.2.7.41;Garten;Punkt;B43
25.10.01;4281.0000;2.2.7.41;Garten;Flaeche;0
18.07.03;4301.0000;2.2.7.32;Campingplatz;Punkt;B23
25.10.01;4301.0000;2.2.7.32;Campingplatz;Flaeche;0
25.10.01;5002.0000;2.3.2.7;Netzknotenpunkt (Rahmen);Punkt;D36
06.06.03;5003.0000;2.3.2.8;Stationszeichen;Punkt;D04
03.03.03;5003.0000;3.2.11;Bauwerksbezeichnung;Text;1
28.08.02;5003.F004;;Vorfahrt gewähren;Punkt;67
06.06.03;5004.0000;2.3.1.16;Achslinie;Linie;74
03.03.03;5110.0000;3.2.1;Europastraße;Text;1
25.10.01;5113.0000;2.3.1.3;Randstreifen unter 0,50m breit;Linie;31
25.10.01;5114.0000;2.3.1.4;Randstreifen 0,50m und breiter;Linie;32
25.10.01;5115.0000;2.3.1.5;Randstreifen mit unterbrochener Markierung;Linie;33
06.06.03;5116.0000;2.3.1.6;Fahrbahnmarkierung;Linie;04
25.10.01;5116.0001;;Längsmarkierung;Linie;0
03.03.03;5121.0000;3.2.9;Straßennamen;Text;1
03.03.03;5122.0000;3.2.3;Bundesstraße;Text;1
03.03.03;5123.0000;3.2.4;Landesstraße;Text;1
03.03.03;5124.0000;3.2.6;Kreisstraße;Text;1
03.03.03;5125.0000;3.2.5;Staatsstraße;Text;1
03.03.03;5129.0000;3.2.7;Gemeindestraße;Text;1
24.06.02;5141.0000;2.3.1.22;Gehweg an Straßen;Linie;D54
06.06.03;5141.0000;2.3.1.22;Gehweg an Straßen;Text;1
25.10.01;5151.0000;2.3.1.23;Geh- / Radweg;Linie;D55
06.06.03;5151.0000;2.3.1.23;Geh- / Radweg;Text;1
25.10.01;5161.0000;2.3.1.24;Radweg an Straßen;Linie;D56
06.06.03;5161.0000;2.3.1.24;Radweg an Straßen;Text;1
06.06.03;5173.0000;2.3.1.18;Hochbord;Linie;64
06.06.03;5174.0000;2.3.1.19;Tiefbord (Randeinfassung);Linie;65
03.03.03;5201.0000;3.2.8;Weg;Text;1
25.10.01;5211.0000;2.3.1.20;Unbefestigter Weg;Linie;66
06.06.03;5215.0000;2.3.1.21;Weg unter 1mm Kartenbreite;Linie;34
25.06.02;5227.0000;2.3.11.2;Furt;Punkt;0
25.10.01;5271.0000;2.3.1.7;Richtungspfeil geradeaus;Punkt;H01
25.10.01;5272.0000;2.3.1.8;Richtungspfeil geradeaus und links ab;Punkt;H02
25.10.01;5273.0000;2.3.1.9;Richtungspfeil geradeaus und rechts ab;Punkt;H03
25.10.01;5274.0000;2.3.1.10;Richtungspfeil nach links;Punkt;H04
25.10.01;5275.0000;2.3.1.11;Richtungspfeil nach rechts;Punkt;H05
25.10.01;5276.0000;2.3.1.12;Richtungspfeil links ab;Punkt;H06
25.10.01;5277.0000;2.3.1.13;Richtungspfeil rechts ab;Punkt;H07
25.10.01;5278.0000;2.3.1.14;Richtungspfeil links und rechts ab;Punkt;H08
06.06.03;5279.0000;2.3.1.15;Vorankündigungspfeil;Punkt;H29
23.09.02;5279.G001;;Vorankündigungspfeil;Punkt;H30
18.09.02;5281.E002;;Wegweiser;Punkt;D37
02.09.02;5282.7001;;freistehendes Wechselverkehrszeichen;Punkt;D38
18.09.02;5284.E001;;Ampel;Punkt;D08
25.10.01;5285.0000;2.3.2.1;Kilometerstein, Kilometertafel;Punkt;D01
18.09.02;5286.E002;;Schild;Punkt;D39
02.09.02;5287.7001;;Richtzeichenbrücke;Punkt;D10
02.09.02;5288.7001;;Licht-, Wechselverkehrszeichenbrücke;Punkt;D11
06.06.03;5289.0000;2.3.2.2;Ortsdurchfahrtsstein;Punkt;D02
25.10.01;5289.0000;2.3.2.2;Ortsdurchfahrtsstein;Text;1
06.06.03;5292.0000;2.3.2.10;Tür (im Wildschutzzaun);Punkt;D35
18.06.03;5295.0000;2.3.3.9;Mittelstreifenüberfahrt;Punkt;D12
06.06.03;5296.0000;2.3.1.1;Straße, Weg - Begrenzung des befahrbaren Raumes;Linie;62
25.10.01;5297.0000;2.3.1.2;Straße, Weg - überdeckte Begrenzungslinie;Linie;63
18.06.03;5311.0000;2.4.6.9;Parkplatz in Städten und Gemeinden;Punkt;A07
09.09.02;5311.6001;;Parkplatz;Punkt;A12
07.10.02;5311.E001;;Parkplatz;Punkt;A11
24.10.03;5411.1001;;Eisenbahn;Linie;40
24.06.02;5413.3001;;Bahnkilometerstein;Punkt;D33
09.09.02;5439.6001;;Busbucht/Haltestelle;Punkt;D32
18.06.03;5444.7001;;Seil- und Schwebebahn, Sessellift, Skiaufzug;Linie;79
18.06.03;5447.0000;2.3.6.4;Sessellift;Linie;H47
18.06.03;5448.0000;2.3.6.5;Skiaufzug;Linie;H48
18.06.03;5449.0000;2.3.6.6;Zahnradbahn (Bergbahn);Linie;H49
24.10.03;5472.1001;;Signal;Punkt;D14
19.09.02;5472.G001;;Signal;Punkt;D14;
18.09.02;5476.E001;;Blinklicht;Punkt;D16;
18.09.02;5477.E002;;Andreaskreuz;Punkt;D34;
18.07.03;5511.0000;2.2.7.33;Flughafen;Punkt;B35;
25.10.01;5511.0000;2.2.7.33;Flughafen;Text;1;
25.10.01;5511.0000;2.2.7.33;Flughafen;Flaeche;0;
18.06.03;5623.0000;2.3.10.4;Personenfähre;Punkt;D24;
25.10.01;5623.0000;2.3.10.4;Personenfähre;Linie;1;
31.10.03;5623.0000;2.3.10.4;Personenfähre;Text;D25;
02.09.02;5623.7001;;Personenfähre;Punkt;0;
25.10.01;5636.0000;2.3.10.2;Kilometerstein an Wasserstraßen;Punkt;D21;
25.10.01;5636.0000;2.3.10.2;Kilometerstein an Wasserstraßen;Text;D22;
24.10.03;5636.1001;;Kilometerplatte Gewässer;Punkt;1;
19.09.02;5646.G001;;Leuchtfeuer;Punkt;;
24.10.03;5736.1001;;Brückenpfeiler;Punkt;D45;
27.10.03;5741.1001;;Gaslaterne;Punkt;F43;
18.09.02;5742.E001;;Laterne;Punkt;F42
20.06.03;5745.0000;2.5.8.1;Briefkasten;Punkt;1
12.09.02;5745.C001;;Briefkasten;Punkt;F46
13.09.02;5746.5001;;Uhr;Punkt;G20
07.10.02;5747.E001;;Werbefläche;Punkt;G19
20.06.03;5751.0000;2.7.4.14;Fahnenmast;Punkt;G38
12.09.02;5751.5001;;Fahnenmast;Punkt;G39
17.09.02;5751.E001;;Fahnenstange;Punkt;1
25.10.01;5901.0000;2.2.7.35;Laubgehölz (in Verkehrsflächen);Punkt;B37
25.10.01;5901.0000;2.2.7.35;Laubgehölz (in Verkehrsflächen);Flaeche;0
25.10.01;5903.0000;2.2.7.37;Nadelgehölz (in Verkehrsflächen);Flaeche;0
06.06.03;6110.0000;2.2.7.1;Ackerland;Punkt;B24
25.10.01;6110.0000;2.2.7.1;Ackerland;Flaeche;54
06.06.03;6120.0000;2.2.7.2;Streuobstacker;Punkt;B25
25.10.01;6120.0000;2.2.7.2;Streuobstacker;Flaeche;57
06.06.03;6130.0000;2.2.7.24;Hopfen;Punkt;B33
29.01.04;6130.0000;2.2.7.24;Hopfen;Flaeche;0
06.06.03;6140.0000;2.2.7.25;Spargel;Punkt;B34
29.01.04;6140.0000;2.2.7.25;Spargel;Flaeche;0
19.09.02;6140.G001;;Spargel;Punkt;B34
29.10.03;6204.0000;2.2.7.10;Korbweiden;Punkt;B07
29.10.03;6204.0000;2.2.7.10;Korbweiden;Flaeche;0
18.07.03;6206.0000;2.2.7.26;Schilf, Reith, Reet, Rohr (Gruppensymbol);Punkt;B18
25.10.01;6206.0000;2.2.7.26;Schilf, Reith, Reet, Rohr;Flaeche;0
18.07.03;6210.0000;2.2.7.3;Grünland (Gruppensymbol);Punkt;B01
25.10.01;6210.0000;2.2.7.3;Grünland;Flaeche;44
06.06.03;6220.0000;2.2.7.4;Streuobstwiese;Punkt;B26
25.10.01;6220.0000;2.2.7.4;Streuobstwiese;Flaeche;57
29.10.03;6310.0000;2.2.7.5;Gartenland (Gruppensymbol);Punkt;B03
25.10.01;6310.0000;2.2.7.5;Gartenland;Flaeche;42
06.06.03;6320.0000;2.2.7.8;Baumschule;Punkt;B05
25.10.01;6320.0000;2.2.7.8;Baumschule;Flaeche;0
18.07.03;6400.0000;2.2.7.9;Weingarten (Gruppensymbol);Punkt;B06
25.10.01;6400.0000;2.2.7.9;Weingarten;Flaeche;0
18.07.03;6500.0000;2.2.7.14;Moor;Punkt;B11
25.10.01;6500.0000;2.2.7.14;Moor;Flaeche;0
06.06.03;6600.0000;2.2.7.15;Heide;Punkt;B12
25.10.01;6600.0000;2.2.7.15;Heide;Flaeche;0
18.07.03;6710.0000;2.2.7.6;Obstbaumanlage (Gruppensymbol);Punkt;B04
25.10.01;6710.0000;2.2.7.6;Obstbaumanlage;Flaeche;71
06.06.03;6720.0000;2.2.7.7;Obststrauchanlage;Punkt;B27
25.10.01;6720.0000;2.2.7.7;Obststrauchanlage;Flaeche;55
25.10.01;6800.0000;2.2.7.18;Landwirtschaftliche Betriebsflächen;Punkt;B30
25.10.01;6800.0000;2.2.7.18;Landwirtschaftliche Betriebsflächen;Text;1
28.01.04;6800.0000;2.2.7.18;Landwirtschaftliche Betriebsflächen;Flaeche;0
18.07.03;6900.0000;2.2.7.19;Brachland, Unland (Symbol);Punkt;B31
25.10.01;6900.0000;2.2.7.19;Brachland, Unland;Text;1
25.10.01;6900.0000;2.2.7.19;Brachland, Unland;Flaeche;0
06.06.03;7100.0000;2.2.7.11;Laubwald (Symbol);Punkt;B08
06.06.03;7100.0000;2.2.7.11;Laubwald;Flaeche;0
18.07.03;7200.0000;2.2.7.12;Nadelwald (Symbol);Punkt;B09
16.07.02;7200.0000;2.2.7.12;Nadelwald;Flaeche;0
18.07.03;7300.0000;2.2.7.13;Mischwald;Punkt;B10
25.10.01;7300.0000;2.2.7.13;Mischwald;Flaeche;0
18.07.03;7400.0000;2.2.7.23;Gehölzfläche (Symbol);Punkt;B16
25.10.01;7400.0000;2.2.7.23;Gehölzfläche;Flaeche;0
06.06.03;7401.0000;2.2.7.38;Nadelgehölz;Punkt;B40
25.10.01;7401.0000;2.2.7.38;Nadelgehölz;Flaeche;0
06.06.03;7402.0000;2.2.7.39;Laubgehölz;Punkt;B41
25.10.01;7402.0000;2.2.7.39;Laubgehölz;Flaeche;0
07.10.02;7501.E002;;Laubbaum einzeln;Punkt;G03
07.10.02;7502.E002;;Nadelbaum;Punkt;G04
28.08.02;7503.F001;;Hervorragender Laubbaum;Punkt;G01
28.08.02;7505.F001;;Hervorragender Nadelbaum;Punkt;G02
16.09.02;7506.E001;;Laub Baumreihe;Linie;G06
28.10.03;7507.E001;;Nadel Baumreihe;Linie;G07
07.10.02;7511.E002;;Obstbaum einzeln;Punkt;G29
18.09.02;7515.E001;;Durchmesser 1.0m;Punkt;G05
;7515.E002;;Durchmesser 0.1m;Punkt;1
07.10.02;7855.E002;;Pflasterrinne;Linie;D47
17.09.02;8011.E001;;Quelle;Punkt;D20
18.06.03;8023.0000;2.3.10.7;Höhe des Wasserspiegels;Punkt;0
25.10.01;8023.0000;2.3.10.7;Höhe des Wasserspiegels, Text;Text;D26
24.10.03;8023.1001;;Höhe des Wasserspiegels;Punkt;1
24.10.03;8025.1001;;Gewässerpfeil (kurz);Punkt;D31
24.10.03;8036.1001;;Pfahlwand links;Linie;D53
07.10.02;8038.E001;;Uferlinie, veränderliche;Linie;30
18.06.03;8062.0000;2.3.10.5;Wehr;Linie;1
07.10.02;8073.E001;;Durchlass;Punkt;0
25.10.01;8091.0000;2.1.7.1;Lattenpegel;Punkt;E30
25.10.01;8091.0000;2.1.7.1;Lattenpegel;Text;1
25.10.01;8092.0000;2.1.7.2;Schreibpegel;Punkt;E31
25.10.01;8093.0000;2.1.7.3;Hochwasserpegel;Punkt;E32
25.10.01;8093.0000;2.1.7.3;Hochwasserpegel;Text;1
25.10.01;8094.0000;2.1.7.5;Grundwassermeßstelle;Punkt;E34
25.10.01;8095.0000;2.1.7.4;Eichpfahl;Punkt;E33
25.10.01;8095.0000;2.1.7.4;Eichpfahl;Text;1
27.10.03;8096.1001;;Grundwasserbeobachtungsrohr;Punkt;F39
03.03.03;8112.0000;3.3.1;Schiffbarer Fluß, Strom;Text;1
03.03.03;8114.0000;3.3.3;Kleiner Fluß;Text;1
03.03.03;8221.0000;3.3.4;Schiffbarer Kanal;Text;1
03.03.03;8222.0000;3.3.5;Nichtschiffbarer Kanal;Text;1
29.03.04;8401.0001;3.3.6;Oberirdischer Bach;Text;1
03.03.03;8402.0000;3.3.7;Unterirdischer Bach;Text;1
24.10.03;8501.0000;2.3.8.8;Nasser Graben unter 1mm Kartenbreite;Linie;50
25.10.01;8501.0000;2.3.8.8;Nasser Graben unter 1mm Kartenbreite;Text;1
29.03.04;8501.0001;3.3.13;Oberirdischer nasser Graben;Text;1
28.08.02;8501.F001;;Fließrichtungspfeil, groß;Punkt;1
03.03.03;8502.0000;3.3.14;Unterirdischer nasser Graben;Text;1
03.03.03;8503.0000;3.3.15;Trockener Graben;Text;1
25.10.01;8508.0000;2.3.1.17;Wegseitengraben, Rinne, Straßengraben (bis 1mm Kartenbreite) Grüppe;Linie;05
25.10.01;8508.0000;2.3.1.17;Wegseitengraben, Rinne, Straßengraben (bis 1mm Kartenbreite) Grüppe;Text;1
25.10.01;8601.0000;2.3.8.5;See, feste Uferlinie;Flaeche;D43
24.06.02;8601.3001;;See, feste Uferlinie;Punkt;D43
22.07.03;8601.3001;;See, feste Uferlinie;Linie;D44
20.09.02;8601.G001;;See;Punkt;1
20.09.02;8601.G002;;Furt;Punkt;50
03.03.03;8611.0000;3.3.8;Schiffbarer See;Text;1
03.03.03;8612.0000;3.3.9;Nicht schiffbarer See;Text;1
03.03.03;8621.0000;3.3.10;Stausee;Text;1
03.03.03;8801.0000;3.3.11;Teich;Text;1
24.06.02;8801.3001;;Teich, feste Uferlinie;Punkt;50
22.07.03;8801.3001;;Teich, feste Uferlinie;Linie;D41
20.09.02;8801.G001;;Teich;Punkt;D41
03.03.03;8802.0000;3.3.12;Weiher;Text;1
12.09.02;9010.C001;;Bohrpunkt;Punkt;G40
25.10.01;9241.0000;2.3.2.5;Lärmschutzwall;Linie;0
25.10.01;9241.0000;2.3.2.5;Lärmschutzwall;Text;1
25.10.01;9242.0000;2.3.2.6;Lärmschutzwand;Punkt;1
25.10.01;9242.0000;2.3.2.6;Lärmschutzwand;Linie;54
25.10.01;9291.0000;2.3.2.3;Abweisende Schutzeinrichtung (einseitig), rechts;Punkt;1
25.10.01;9291.0000;2.3.2.3;Abweisende Schutzeinrichtung (einseitig), rechts;Linie;35
03.02.04;9292.0000;2.3.2.4;Abweisende Schutzeinrichtung (zweiseitig) mittig;Linie;16
12.09.02;9332.5001;;Denkmal, Denkstein, Standbild;Punkt;G08
25.10.01;9333.0000;2.7.2.2;Naturdenkmal (Baum);Text;G31
28.08.02;9333.F001;;Naturdenkmal;Punkt;1
25.10.01;9335.0000;2.7.4.7;Höhle, Kellereingang im Berg od. Fels;Punkt;G36
12.09.02;9342.5001;;Kreuz;Punkt;G10
20.06.03;9395.0000;2.7.4.11;Historischer Grenzstein;Punkt;G26
02.09.02;9395.7001;;historischer Grenzstein, Meilenstein;Punkt;G27
23.10.03;9411.0000;2.2.7.20;Friedhof (Symbol);Punkt;B32
25.10.01;9411.0000;2.2.7.20;Friedhof;Flaeche;0
19.09.02;9411.G002;;Friedhof;Punkt;B14
25.10.01;9430.0000;2.2.7.27;Historischer Friedhof;Punkt;B28
25.10.01;9430.0000;2.2.7.27;Historischer Friedhof;Text;1
25.10.01;9430.0000;2.2.7.27;Historischer Friedhof;Flaeche;0
27.10.03;9488.1001;;Notrufsäule;Punkt;1
12.09.02;9488.5001;;Notrufsäule;Punkt;F50
12.09.02;9701.C001;;Turm Begrenzung;Punkt;G28
25.10.01;9703.0000;2.7.4.13;Aussichtsturm;Punkt;1
25.10.01;99999.9999;;Sonstiges;Punkt;1
25.10.01;99999.9999;;Sonstiges;Linie;0
25.10.01;99999.9999;;Sonstiges;Text;1
25.10.01;99999.9999;;Sonstiges;Flaeche;0
25.10.01;A315.0000;2.6.4.6;gemeinschaftlich;Linie;I51
25.10.01;A316.0000;2.6.4.7;gemeinschaftlich;Linie;I53
23.10.03;A353.0000;2.2.8;beidseitig;Linie;51
24.07.03;L311.0000;;Grenzhecke links (in Aufnahmerichtung);Flaeche;I40
25.10.01;L312.0000;2.6.4.2;Grenzzaun links (in Aufnahmerichtung);Linie;I43
25.10.01;L315.0000;2.6.4.6;links (in Aufnahmerichtung);Linie;I52
25.10.01;L316.0000;2.6.4.7;links (in Aufnahmerichtung);Linie;I54
25.10.01;L317.0000;2.6.4.8;Grenzrain links (in Aufnahmerichtung);Linie;I56
27.10.03;L319.0000;2.6.4.10;Trockener Grenzgraben links (in Aufnahmerichtung);Linie;I59
27.10.03;L323.0000;2.6.4.5;links (in Aufnahmerichtung);Linie;I49
25.10.01;L351.0000;2.2.11;Hecke links (in Aufnahmerichtung);Linie;46
20.06.02;L352.0000;2.2.9;links (in Aufnahmerichtung);Linie;45
23.10.03;L353.0000;2.2.8;links (in Aufnahmerichtung);Linie;49
07.11.03;L462.0000;2.2.5;Steilrand links (in Aufnahmerichtung);Linie;H14
23.10.03;L473.0000;2.2.10;links (in Aufnahmerichtung);Linie;44
27.10.03;R315.0000;2.6.4.6;rechts (in Aufnahmerichtung);Linie;I52
27.10.03;R316.0000;2.6.4.7;rechts (in Aufnahmerichtung);Linie;I54;
27.10.03;R319.0000;2.6.4.10;Trockener Grenzgraben rechts (in Aufnahmerichtung);Linie;I59;
25.10.01;R321.0000;2.6.4.4;rechts (in Aufnahmerichtung);Linie;1;
27.10.03;R323.0000;2.6.4.5;rechts (in Aufnahmerichtung);Linie;42;
03.02.04;R351.0000;2.2.11;Hecke,  topographisch bedeutend, rechts (in Aufnahmerichtung);Linie;48;
06.06.03;R352.0000;2.2.9;Mauer,  topographisch bedeutend, rechts (in Aufnahmerichtung);Linie;52;
03.02.04;R353.0000;2.2.8;Zaun,  topographisch bedeutend rechts (in Aufnahmerichtung);Linie;47;
07.11.03;R462.0000;2.2.5;Steilrand rechts (in Aufnahmerichtung);Linie;H14;
03.02.04;R473.0000;2.2.10;Futtermauer, Stützmauer rechts (in Aufnahmerichtung);Linie;53;
17.02.03;RE85.0002;RE 85;Bankett;Flaeche;0;
27.11.03;RE85.0003;RE 85;Dammböschung;Flaeche;105;
27.11.03;RE85.0004;RE 85;Einschnittsböschung;Flaeche;90;
17.02.03;RE85.0005;RE 85;Insel gepflastert;Flaeche;15;
17.02.03;RE85.0006;RE 85;Stützwand, Widerlager;Flaeche;114;
17.02.03;RE85.0007;RE 85;geplanter Gebäudeabbruch;Flaeche;0;
17.02.03;RE85.0008;RE 85;Gewässer mit Fließrichtung;Flaeche;0;
21.11.03;RE85.0009;RE 85;Gehweg;Flaeche;16;
17.02.03;RE85.0010;RE 85;Zufahrt;Flaeche;115;
21.11.03;RE85.0011;RE 85;Wirtschaftsweg;Flaeche;54;
04.11.03;RE85.0012;RE 85;Grunderwerb - für den Straßenbau vorübergehend benötigte Fläche;Flaeche;99;
04.11.03;RE85.0013;RE 85;Grunderwerb - dauernd zu beschränkende Fläche;Flaeche;89;
04.11.03;RE85.0014;RE 85;Grunderwerb - Restfläche;Flaeche;95;
21.11.03;RE85.0015;RE 85;Trennstreifen;Flaeche;15;
17.02.03;RE85.0016;RE 85;Radweg;Flaeche;105;
21.11.03;RE85.0017;RE 85;Geh-/Radweg;Flaeche;82;
03.12.03;RE85.0019;RE 85;Aufschüttung;Flaeche;35;
03.12.03;RE85.0020;RE 85;Abgrabung;Flaeche;90;
21.11.03;RE85.0021;RE 85;Lärmschutzwall;Flaeche;08;
17.02.03;RE85.0022;RE 85;Lärmschutzwand;Flaeche;60;
17.02.03;RE85.0023;RE 85;Gewässer ohne Fließrichtung;Flaeche;35;
04.11.03;RE85.0024;RE 85;Grunderwerb - für den Straßenbau zu erwerbende Fläche;Flaeche;0;
21.11.03;RE85.0025;RE 85;Gebäude bereits abgebrochen;Flaeche;10;
25.10.03;T001.0000;;allge. Texte mit Stift 1 = 0.18 mm (0.13 in VESTRA n.vorh.);Text;0
;U01;;Sonstiges;;26
;U02;;Gebäude;;08
;U02;;Gelände;;10
;U02;;Grunderwerb;;114
;U03;2.3.7;Luftverkehr;;H50
;U03;2.3.8;Gewässer;;D19
;U03;2.4.2;Besondere Beschriftung  zum Gebäude;;1
;U03;2.5.6;Elektrizitätsversorgung;;F62
;U03;2.5.8;Post und Fernmeldeanlagen;;F45
;U03;2.7.4;Sonstige topographische  Einzelheiten;;G18
25.10.01;Z317.0000;2.6.4.8;Grenzrain gemeinschaftlich;Linie;I56
26.08.02;Z318.F002;;Wasserführender Grenzgraben < 2 mm , gemeinsam;Linie;I58
27.10.03;Z319.0000;2.6.4.10;Trockener Grenzgraben gemeinschaftlich;Linie;I58
25.10.01;Z321.0000;2.6.4.4;gemeinschaftlich;Linie;I47
25.10.01;Z351.0000;2.2.11;Hecke beidseitig;Linie;50
20.06.02;Z352.0000;2.2.9;Mauer,  topographisch bedeutend, beidseitig (mittig);Linie;H20
23.10.03;Z473.0000;2.2.10;beidseitig;Linie;44
